Country Name,1960,1961,1962,1963,1964,1965,1966,1967,1968,1969,1970,1971,1972,1973,1974,1975,1976,1977,1978,1979,1980,1981,1982,1983,1984,1985,1986,1987,1988,1989,1990,1991,1992,1993,1994,1995,1996,1997,1998,1999
Aruba,54211,55438,56225,56695,57032,57360,57715,58055,58386,58726,59063,59440,59840,60243,60528,60657,60586,60366,60103,59980,60096,60567,61345,62201,62836,63026,62644,61833,61079,61032,62149,64622,68235,72504,76700,80324,83200,85451,87277,89005
Afghanistan,8996351,9166764,9345868,9533954,9731361,9938414,10152331,10372630,10604346,10854428,11126123,11417825,11721940,12027822,12321541,12590286,12840299,13067538,13237734,13306695,13248370,13053954,12749645,12389269,12047115,11783050,11601041,11502761,11540888,11777609,12249114,12993657,13981231,15095099,16172719,17099541,17822884,18381605,18863999,19403676
Angola,5643182,5753024,5866061,5980417,6093321,6203299,6309770,6414995,6523791,6642632,6776381,6927269,7094834,7277960,7474338,7682479,7900997,8130988,8376147,8641521,8929900,9244507,9582156,9931562,10277321,10609042,10921037,11218268,11513968,11827237,12171441,12553446,12968345,13403734,13841301,14268994,14682284,15088981,15504318,15949766
Albania,1608800,1659800,1711319,1762621,1814135,1864791,1914573,1965598,2022272,2081695,2135479,2187853,2243126,2296752,2350124,2404831,2458526,2513546,2566266,2617832,2671997,2726056,2784278,2843960,2904429,2964762,3022635,3083605,3142336,3227943,3286542,3266790,3247039,3227287,3207536,3187784,3168033,3148281,3128530,3108778
Andorra,13411,14375,15370,16412,17469,18549,19647,20758,21890,23058,24276,25559,26892,28232,29520,30705,31777,32771,33737,34818,36067,37500,39114,40867,42706,44600,46517,48455,50434,52448,54509,56671,58888,60971,62677,63850,64360,64327,64142,64370
Arab World,92490932,95044497,97682294,100411076,103239902,106174988,109230593,112406932,115680165,119016542,122398374,125807419,129269375,132863416,136696761,140843298,145332378,150133054,155183724,160392488,165689490,171051950,176490084,182005827,187610756,193310301,199093767,204942549,210844771,216787402,224735446,230829868,235037179,241286091,247435930,255029671,260843462,266575075,272235146,277962869
United Arab Emirates,92634,101078,112472,125566,138529,150362,160481,170283,183194,203820,235499,278808,332760,397174,471364,554324,646943,748117,852262,952040,1042384,1120900,1189545,1253060,1318478,1391052,1472218,1560718,1655849,1756043,1860174,1970026,2086639,2207405,2328686,2448820,2571020,2700010,2838145,2988162
Argentina,20619075,20953077,21287682,21621840,21953929,22283390,22608748,22932203,23261278,23605987,23973058,24366439,24782949,25213388,25644506,26066975,26477152,26878565,27277741,27684534,28105888,28543364,28993987,29454738,29920904,30388783,30857244,31326473,31795517,32263561,32729739,33193918,33655151,34110917,34558115,34994814,35419682,35833969,36241590,36648068
Armenia,1874120,1941491,2009526,2077575,2144998,2211316,2276031,2339124,2401140,2462925,2525065,2587706,2650484,2712781,2773747,2832757,2889579,2944379,2997411,3049105,3099751,3148092,3193686,3238594,3285595,3335935,3392256,3451942,3504651,3536469,3538165,3505251,3442810,3363098,3283660,3217342,3168215,3133086,3108684,3089017
American Samoa,20013,20486,21117,21882,22698,23520,24321,25116,25885,26614,27292,27916,28492,29014,29488,29932,30321,30689,31102,31673,32457,33493,34738,36160,37688,39241,40837,42450,44047,45593,47038,48375,49593,50720,51803,52868,53929,54941,55901,56770
Antigua and Barbuda,55339,56144,57144,58294,59524,60781,62059,63360,64655,65910,67098,68188,69176,70066,70878,71609,72285,72875,73324,73528,73442,73066,72448,71639,70725,69782,68809,67845,67058,66627,66696,67307,68427,69938,71719,73619,75628,77739,79851,81831
Australia,10276477,10483000,10742000,10950000,11167000,11388000,11651000,11799000,12009000,12263000,12507000,12937000,13177000,13380000,13723000,13893000,14033000,14192000,14358000,14514000,14692000,14927000,15178000,15369000,15544000,15758000,16018400,16263900,16532200,16814400,17065100,17284000,17495000,17667000,17855000,18072000,18311000,18517000,18711000,18926000
Austria,7047539,7086299,7129864,7175811,7223801,7270889,7322066,7376998,7415403,7441055,7467086,7500482,7544201,7586115,7599038,7578903,7565525,7568430,7562305,7549425,7549433,7568710,7574140,7561910,7561434,7564985,7569794,7574586,7585317,7619567,7677850,7754891,7840709,7905633,7936118,7948278,7959017,7968041,7976789,7992324
Azerbaijan,3895396,4030320,4171425,4315128,4456689,4592610,4721525,4843870,4960235,5071930,5180025,5284532,5385267,5483084,5579077,5674137,5768724,5863134,5957929,6053645,6150738,6249320,6349558,6452076,6557585,6666455,6778633,6893500,7010036,7126891,7159000,7271000,7382000,7495000,7597000,7685000,7763000,7838250,7913000,7982750
Burundi,2786106,2839666,2893669,2949926,3010859,3077876,3152723,3234023,3316233,3391753,3455606,3505391,3544047,3578490,3618585,3671494,3739659,3821194,3913768,4013310,4116817,4223195,4333386,4448728,4571292,4702066,4841565,4987736,5135956,5280024,5415415,5542048,5661139,5771398,5871607,5962058,6041112,6112097,6186352,6278940
Belgium,9153489,9183948,9220578,9289770,9378113,9463667,9527807,9580991,9618756,9646032,9655549,9673162,9711115,9741720,9772419,9800700,9818227,9830358,9839534,9848382,9859242,9858982,9856303,9855520,9855372,9858308,9861823,9870234,9901664,9937697,9967379,10004486,10045158,10084475,10115603,10136811,10156637,10181245,10203008,10226419
Benin,2431622,2465867,2502896,2542859,2585965,2632356,2682159,2735307,2791590,2850661,2912340,2976572,3043567,3113675,3187412,3265165,3347173,3433439,3523938,3618526,3717165,3820128,3927714,4039949,4156819,4278501,4404506,4535263,4672852,4820016,4978496,5149499,5331803,5521763,5714220,5905558,6094259,6281639,6470265,6664098
Burkina Faso,4829288,4894580,4960326,5027821,5098890,5174870,5256363,5343019,5434041,5528174,5624600,5723381,5825173,5930483,6040041,6154545,6274037,6398935,6530819,6671656,6822843,6985160,7158255,7340905,7531242,7727907,7930694,8140073,8356305,8579823,8811034,9050084,9297113,9552476,9816588,10089878,10372745,10665546,10968724,11282701
Bangladesh,48199747,49592802,51030137,52532417,54129100,55834038,57672990,59620669,61579473,63417394,65047770,66424744,67597470,68691185,69884420,71305923,72999136,74925896,77033846,79236776,81470860,83721268,86007331,88338242,90732362,93199865,95742431,98343809,100975321,103599232,106188642,108727432,111221938,113695139,116182267,118706871,121269645,123854640,126447965,129029691
Bulgaria,7867374,7943118,8012946,8078145,8144340,8204168,8258057,8310226,8369603,8434172,8489574,8536395,8576200,8620967,8678745,8720742,8758599,8804183,8814032,8825940,8861535,8891117,8917457,8939738,8960679,8960547,8958171,8971359,8981446,8876972,8718289,8632367,8540164,8472313,8443591,8406067,8362826,8312068,8256786,8210624
Bahrain,162427,167894,173144,178140,182887,187431,191780,196063,200653,206043,212605,220312,229155,239527,251911,266543,283752,303175,323473,342798,359888,374120,385950,396454,407227,419430,433482,448973,465202,481090,495931,509765,523087,536213,549588,563699,578668,594930,613702,636545
"Bahamas, The",109528,115108,121083,127333,133698,140054,146366,152609,158627,164248,169354,173863,177839,181488,185099,188882,192902,197111,201513,206032,210661,215396,220275,225187,230015,234687,239131,243393,247579,251849,256336,261116,266134,271165,275895,280150,283790,286970,290060,293572
Bosnia and Herzegovina,3225668,3288602,3353226,3417574,3478995,3535640,3586634,3632669,3675452,3717466,3760527,3805285,3851151,3897255,3942223,3985103,4025265,4063191,4100350,4138819,4179855,4222511,4265310,4308106,4350746,4392130,4435504,4478519,4508056,4506653,4463422,4371603,4239154,4087999,3948816,3843712,3780378,3752431,3750485,3759118
Belarus,8198000,8271216,8351928,8437232,8524224,8610000,8696496,8785648,8874552,8960304,9040000,9115576,9188968,9257272,9317584,9367000,9411000,9463000,9525000,9584000,9643000,9710000,9776000,9843000,9910000,9975000,10043000,10111000,10140000,10170000,10189000,10194000,10216000,10239000,10227000,10194000,10160000,10117000,10069000,10026738
Belize,92064,94703,97384,100164,103069,106119,109347,112692,116061,119261,122182,124793,127150,129294,131307,133260,135147,136989,138965,141305,144155,147566,151500,155822,160347,164921,169568,174320,179028,183469,187552,191126,194317,197616,201674,206963,213676,221606,230284,239026
Bermuda,44400,45500,46600,47700,48900,50100,51000,52000,53000,54000,55000,54600,54200,53800,53400,53000,53200,53400,53600,53800,54670,55050,55449,55930,56423,56898,57382,57849,58347,58841,59326,59021,58595,58910,59320,59746,60129,60497,60943,61285
Bolivia,3693449,3764813,3838097,3913395,3990857,4070590,4152668,4237125,4324064,4413590,4505778,4600591,4698083,4798509,4902168,5009257,5119833,5233677,5350322,5469123,5589575,5711599,5835182,5959960,6085496,6211550,6337893,6464732,6592787,6723046,6856244,6992521,7131707,7273825,7418861,7566714,7717443,7870855,8026254,8182712
Brazil,72207554,74351763,76573248,78854019,81168654,83498020,85837799,88191378,90557064,92935072,95326793,97728961,100143598,102584278,105069367,107612100,110213082,112867867,115577669,118342626,121159761,124030908,126947365,129882321,132800684,135676281,138499464,141273488,144001542,146691981,149352145,151976577,154564278,157132682,159705123,162296612,164913306,167545164,170170640,172759243
Barbados,230939,231678,232586,233587,234547,235374,236044,236621,237199,237913,238848,240035,241441,242976,244539,246034,247444,248784,250032,251177,252194,253080,253841,254518,255193,255924,256736,257611,258527,259458,260374,261275,262184,263089,264015,264959,265942,266945,267950,268922
Brunei Darussalam,81745,85596,89516,93576,97848,102425,107316,112494,117950,123653,129583,135726,142073,148560,155109,161671,168224,174773,181257,187656,193949,200085,206128,212136,218227,224512,230972,237622,244458,251514,258785,266274,273963,281751,289525,297192,304699,312038,319222,326289
Bhutan,223288,228918,234706,240778,247325,254464,262244,270622,279515,288774,298301,308053,318045,328312,338943,349982,361455,373324,385384,397390,409172,420380,431050,441847,453720,467178,482952,500437,517273,530257,537280,537284,531525,523117,516503,514877,519282,528754,542155,557543
Botswana,524552,537249,550840,565353,580799,597190,614613,633154,652843,673640,695597,718639,742835,768512,796095,825840,857855,891926,927585,964166,1001158,1038397,1075889,1113539,1151292,1189114,1226810,1264314,1301818,1339624,1377912,1416731,1455833,1494693,1532622,1569094,1604060,1637635,1669625,1699862
Central African Republic,1503508,1529227,1556661,1585763,1616516,1648833,1682885,1718603,1755344,1792220,1828709,1864598,1900317,1936841,1975521,2017372,2062405,2110457,2162249,2218575,2279821,2346797,2418844,2493135,2565803,2634232,2696982,2755244,2812244,2872668,2939780,3014624,3095807,3181222,3267670,3352767,3435821,3517309,3597385,3676508
Canada,17909009,18271000,18614000,18964000,19325000,19678000,20048000,20412000,20744000,21028000,21324000,21645535,21993631,22369408,22774087,23209000,23518000,23796000,24036000,24277000,24593000,24900000,25202000,25456000,25702000,25942000,26204000,26550000,26895000,27379000,27791000,28171682,28519597,28833410,29111906,29354000,29671900,29987200,30247900,30499200
Central Europe and the Baltics,91401583,92237118,93014890,93845749,94722599,95447065,96148635,97043587,97882394,98602140,99133296,99638983,100363597,101120519,101946256,102862489,103770134,104589313,105304312,105924838,106564905,107187982,107770794,108326895,108853181,109360296,109847148,110296680,110688533,110801380,110745760,110290445,110005636,110081461,110019570,109913216,109563097,109459093,109207205,109102354
Switzerland,5327827,5434294,5573815,5694247,5789228,5856472,5918002,5991785,6067714,6136387,6180877,6213399,6260956,6307347,6341405,6338632,6302504,6281174,6281738,6294365,6319408,6354074,6391309,6418773,6441865,6470365,6504124,6545106,6593386,6646912,6715519,6799978,6875364,6938265,6993795,7040687,7071850,7088906,7110001,7143991
Channel Islands,109420,110399,111457,112595,113773,114995,116227,117474,118726,119972,121197,122413,123614,124725,125682,126415,126902,127183,127390,127692,128212,128981,129979,131156,132453,133808,135230,136716,138187,139530,140671,141568,142258,142819,143384,144046,144829,145715,146671,147687
Chile,7716625,7890156,8067136,8247415,8430838,8617077,8806137,8997325,9188822,9378243,9563865,9745189,9922558,10096295,10267056,10435534,10601836,10766419,10930783,11096868,11266226,11439144,11615836,11797534,11985658,12181028,12384108,12594145,12809025,13025797,13242132,13457244,13671033,13882668,14091389,14296613,14497826,14694835,14887756,15076952
China,667070000,660330000,665770000,682335000,698355000,715185000,735400000,754550000,774510000,796025000,818315000,841105000,862030000,881940000,900350000,916395000,930685000,943455000,956165000,969005000,981235000,993885000,1008630000,1023310000,1036825000,1051040000,1066790000,1084035000,1101630000,1118650000,1135185000,1150780000,1164970000,1178440000,1191835000,1204855000,1217550000,1230075000,1241935000,1252735000
Cote d'Ivoire,3558988,3694205,3841071,3996941,4157965,4321791,4487204,4656353,4834279,5027971,5242395,5479338,5737281,6013862,6305287,6608609,6922982,7248828,7585914,7934279,8293675,8664057,9044473,9432731,9826055,10222558,10620267,11019651,11424260,11839243,12267754,12710008,13163019,13622731,14083611,14540820,14995249,15445986,15884552,16300233
Cameroon,5176268,5285231,5399922,5520332,5646316,5777834,5915123,6058539,6208282,6364569,6527635,6697745,6875228,7060603,7254468,7457362,7669445,7890969,8122529,8364835,8618354,8883016,9158566,9445003,9742263,10050023,10368300,10696274,11031817,11372160,11715218,12060729,12408931,12758881,13109660,13460994,13812472,14165423,14523570,14891891
"Congo, Dem. Rep.",15248251,15637733,16041263,16461930,16903923,17369883,17861881,18378214,18913203,19458904,20009935,20562865,21120140,21689239,22280923,22902319,23559071,24247550,24954655,25661884,26357462,27039468,27717337,28404876,29121474,29883446,30685824,31529823,32444156,33465441,34614581,35914825,37346147,38833595,40273701,41595744,42770544,43830146,44840529,45898667
"Congo, Rep.",1037220,1064111,1092292,1121735,1152412,1184316,1217391,1251703,1287516,1325147,1364812,1406643,1450518,1496047,1542690,1590039,1637941,1686524,1736099,1787129,1839935,1894676,1951195,2009165,2068132,2127770,2188046,2249146,2311348,2375008,2440457,2507772,2577035,2648507,2722497,2799255,2879222,2962470,3048453,3136344
Colombia,16480383,16982315,17500171,18033550,18581974,19144223,19721462,20311371,20905059,21490945,22061215,22611986,23146803,23674504,24208021,24756973,25323406,25905127,26502166,27113512,27737900,28375991,29027162,29687094,30350086,31011688,31669776,32324325,32975535,33624444,34271565,34916766,35558682,36195168,36823537,37441977,38049038,38645411,39234062,39819279
Comoros,191121,194139,197198,200372,203753,207424,211478,215897,220575,225325,230054,234644,239235,244208,250104,257290,265953,275900,286634,297447,307829,317606,326946,336096,345466,355337,365760,376654,387963,399632,411594,423872,436448,449274,462277,475394,488627,501953,515385,528848
Cabo Verde,202310,205956,210867,216908,223846,231428,239770,248747,257509,264909,270198,272992,273651,273005,272292,272423,273652,275767,278739,282415,286657,291602,297285,303368,309397,315069,320183,324893,329671,335184,341883,349934,359090,369014,379156,389127,398773,408175,417323,426285
Costa Rica,1333040,1381917,1432585,1484510,1537041,1589621,1642186,1694710,1746869,1798311,1848866,1898360,1947048,1995743,2045580,2097407,2151497,2207725,2266154,2326704,2389310,2454129,2521168,2589930,2659781,2730233,2800986,2872211,2944557,3018955,3095995,3175649,3257466,3341004,3425690,3510926,3596732,3682725,3767373,3848723
Caribbean small states,4198307,4277802,4357746,4436804,4513246,4585777,4653919,4718167,4779624,4839881,4900059,4960647,5021359,5082049,5142246,5201705,5260062,5317542,5375393,5435143,5497756,5564200,5633661,5702754,5766957,5823242,5870023,5908886,5943661,5979907,6021614,6070204,6124265,6181538,6238576,6292827,6343683,6392040,6438587,6484510
Cuba,7141135,7289826,7450402,7618354,7787146,7951933,8110430,8263546,8413327,8563193,8715123,8869961,9025300,9176052,9315373,9438442,9544271,9634680,9711392,9777290,9835177,9884213,9925623,9966733,10017059,10082989,10168087,10269567,10379548,10486509,10582081,10663585,10733363,10794135,10850585,10906043,10961012,11013983,11064097,11110004
Curacao,124826,126125,128414,130860,133148,135266,136682,138140,140298,142581,144739,147389,147710,146912,148351,149129,149399,149459,148341,147851,148041,148629,150101,151159,151940,152711,152662,151456,149254,146937,145400,144403,143912,144299,144630,145139,146306,146956,144472,139428
Cayman Islands,7865,8026,8146,8227,8298,8369,8441,8521,8631,8827,9144,9581,10136,10784,11498,12244,13022,13841,14661,15444,16162,16789,17356,17906,18543,19313,20251,21339,22538,23776,25010,26213,27404,28646,30055,31672,33536,35597,37740,39808
Cyprus,572930,576395,577691,577913,578627,580966,585308,591308,598493,606113,613621,620859,628002,635111,642339,649755,657534,665528,673251,680011,685406,689173,691702,694077,697717,703687,712341,723380,736479,751044,766614,783129,800609,818751,837110,855384,873423,891192,908704,926050
Czech Republic,9602006,9586651,9624660,9670685,9727804,9779358,9821040,9852899,9876346,9896580,9858071,9826815,9867632,9922266,9988459,10058620,10125939,10186755,10242098,10292341,10304193,10300591,10314826,10323856,10330213,10337118,10342227,10347318,10355276,10361068,10333355,10308578,10319123,10329855,10333587,10327253,10315241,10304131,10294373,10283860
Germany,72814900,73377632,74025784,74714353,75318337,75963695,76600311,76951336,77294314,77909682,78169289,78312842,78688452,78936666,78967433,78673554,78336950,78159814,78091820,78126350,78288576,78407907,78333366,78128282,77858685,77684873,77720436,77839920,78144619,78751283,79433029,80013896,80624598,81156363,81438348,81678051,81914831,82034771,82047195,82100243
Djibouti,83636,88498,94204,100628,107583,114963,122866,131397,140462,149887,159659,169372,179224,190568,205181,224183,248556,277479,308008,336085,358960,374937,385271,393802,406017,425613,454361,490330,528999,563864,590398,606844,615054,618495,622366,630388,643682,660953,680612,700099
Dominica,60011,61032,61982,62918,63926,65038,66311,67686,69040,70213,71073,71569,71734,71744,71807,72094,72642,73411,74242,74925,75314,75375,75170,74747,74213,73643,73025,72370,71742,71242,70926,70842,70970,71210,71373,71368,71145,70753,70290,69903
Denmark,4579603,4611687,4647727,4684483,4722072,4759012,4797381,4835354,4864883,4891860,4928757,4963126,4991596,5021861,5045297,5059862,5072596,5088419,5104248,5116801,5123027,5121572,5117810,5114297,5111619,5113691,5120534,5127024,5129516,5132594,5140939,5154298,5171370,5188628,5206180,5233373,5263074,5284991,5304219,5321799
Dominican Republic,3294042,3406299,3521278,3638628,3757956,3878948,4001375,4125109,4250025,4376054,4503114,4631114,4759934,4889436,5019473,5149935,5280723,5411865,5543517,5675931,5809269,5943591,6078820,6214857,6351572,6488856,6626542,6764624,6903316,7042937,7183647,7325622,7468551,7611465,7753052,7892423,8029113,8163472,8296375,8429112
Algeria,11124888,11404859,11690153,11985136,12295970,12626952,12980267,13354197,13744387,14144438,14550034,14960109,15377093,15804428,16247113,16709099,17190239,17690184,18212326,18760761,19337715,19943664,20575701,21228289,21893853,22565905,23241272,23917897,24591492,25257672,25912367,26554329,27181094,27786259,28362253,28904298,29411415,29886839,30335732,30765613
East Asia & Pacific (excluding high income),893956327,893537035,905445959,928641161,951477683,975325708,1002752094,1029286492,1056791466,1085996625,1116105175,1146850521,1175854628,1203905199,1230436635,1254532837,1276763438,1297394584,1317994416,1338905400,1359492990,1380818027,1404508193,1428333977,1451090682,1474560144,1499557433,1526044399,1552839425,1578979766,1604526531,1629001655,1651934414,1674021645,1695931771,1717381822,1738422949,1759201937,1779221744,1798083672
Early-demographic dividend,979287407,1002523576,1026586722,1051414973,1077037307,1103433059,1130587356,1158571169,1187273756,1216765988,1247052966,1278138381,1310015997,1342708842,1376073396,1410093757,1444719518,1480010065,1516215799,1553703893,1592673530,1633179580,1675078672,1718098032,1761829094,1805996283,1850487057,1895289549,1940220394,1985084059,2031828081,2076397732,2120566584,2164507899,2208443694,2252578506,2297015199,2341634408,2386184548,2430487146
East Asia & Pacific,1039944591,1043546746,1058028198,1083802302,1109204182,1135650893,1165517897,1194424325,1223721287,1256501005,1289258959,1322942752,1354794332,1385052013,1415128313,1442241327,1466464722,1489361664,1512159743,1535391297,1558178982,1581806991,1607731271,1633628204,1658253760,1683448852,1710171173,1738276264,1766656200,1794408757,1821481248,1847530239,1871898266,1895356643,1918771293,1941918801,1964635062,1986799860,2008140149,2028095318
Europe & Central Asia (excluding high income),279087938,283416986,287761794,292120322,296463073,300740822,304356201,308039772,311636189,315162240,318699628,322234890,325762116,329267807,332789612,336330171,340024688,343646223,347250227,350823401,354494056,358233804,361802765,365350752,369141750,372949384,376730350,380496651,384146656,387627353,390207446,391907109,393481005,394905543,395568548,396053579,396285161,396772932,396999014,397071924
Europe & Central Asia,667246384,674972972,682938669,690962675,698905664,706609007,713341112,719879789,726161895,732317863,737948178,743607439,749815857,755867961,761701324,767332578,772838318,778094845,783298994,788525199,793937090,799215272,803972967,808524728,813281381,818146882,823155058,828213790,833315236,838462813,842848473,846178276,849656745,852762016,854723055,856352860,857652705,859112733,860236341,861380108
Ecuador,4545550,4676859,4812890,4953733,5099468,5250119,5405685,5566057,5730906,5899845,6072527,6248835,6428711,6611916,6798206,6987391,7179399,7374234,7571959,7772653,7976445,8183194,8392940,8606213,8823751,9045979,9272906,9504129,9739176,9977377,10218091,10460990,10705667,10951202,11196479,11440583,11683479,11924993,12163885,12398691
"Egypt, Arab Rep.",26996533,27744712,28506176,29281250,30071102,30875964,31697616,32534021,33377259,34216826,35046273,35863382,36673642,37488067,38322022,39187702,40089032,41026477,42004655,43027816,44099142,45216506,46379620,47594556,48868951,50204985,51607703,53066229,54547296,56006573,57412215,58752390,60035536,61275601,62495745,63714386,64933456,66151117,67378056,68626664
Euro area,265396502,267825309,270324828,272876447,275382197,277856703,280147494,282114545,283966953,285855058,287416205,289032499,291040689,292961768,294689415,296244715,297573002,298738608,299908948,301099972,302363486,303498663,304314034,304920007,305432240,306018719,306797207,307668322,308725859,310080079,311539698,312708142,314162056,315449104,316366779,317181449,318003015,318761764,319433983,320258902
Spain,30455000,30739250,31023366,31296651,31609195,31954292,32283194,32682947,33113134,33441054,33814531,34224490,34604469,34988947,35373335,35757900,36137812,36511638,36864898,37191330,37491165,37758631,37986012,38171525,38330364,38469512,38584624,38684815,38766939,38827764,38867322,38966376,39157685,39361262,39549108,39724050,39889852,40057389,40223509,40386875
Estonia,1211537,1225077,1241623,1258857,1277086,1294566,1308597,1318946,1331214,1345249,1360076,1376955,1392518,1405951,1418169,1429352,1439576,1450211,1460188,1468333,1477219,1487666,1498414,1508745,1518617,1528781,1540190,1552221,1561900,1568131,1569174,1561314,1533091,1494128,1462514,1436634,1415594,1399535,1386156,1390244
Ethiopia,22151278,22671190,23221389,23798429,24397024,25013626,25641376,26281208,26946079,27654161,28415077,29245207,30132580,31025115,31851708,32566821,33146891,33622390,34068316,34590226,35264898,36120288,37136848,38285883,39518801,40800343,42120730,43493283,44932064,46458913,48086516,49821083,51647768,53532956,55431123,57309880,59155148,60976450,62794151,64640054
European Union,409498463,413007006,416670637,420393293,424075858,427592605,430868372,434001556,436916059,439730656,442062266,444400996,447253578,449960637,452475893,454865483,457001001,458888174,460699315,462488540,464392913,466099879,467389436,468468840,469501597,470637754,471937316,473284093,474792549,476392094,478005307,478976405,480438474,482099286,483262845,484271344,485000716,485892094,486565871,487539366
Fragile and conflict affected situations,121765037,124558907,127465500,130492518,133661787,136988867,140486338,144152478,147967143,151904121,155946806,160072960,164297540,168673430,173281249,178166730,183363175,188827291,194446551,200065012,205569660,210939026,216213145,221432781,226660414,231956914,237300542,242711060,248333373,254349779,262862202,270090401,277863547,285986364,294177517,302240865,310098332,317827011,325374011,333069571
Finland,4429634,4461005,4491443,4523309,4548543,4563732,4580869,4605744,4626469,4623785,4606307,4612124,4639657,4666081,4690574,4711440,4725664,4738902,4752528,4764690,4779535,4799964,4826933,4855787,4881803,4902206,4918154,4932123,4946481,4964371,4986431,5013740,5041992,5066447,5088333,5107790,5124573,5139835,5153498,5165474
Fiji,393386,407156,421577,436208,450450,463883,476324,487913,498892,509658,520529,531601,542814,554107,565388,576595,587520,598259,609345,621538,635255,650955,668198,685391,700366,711661,718548,721725,722917,724624,728628,735473,744531,755026,765667,775498,784476,792860,800315,806494
France,46814237,47444751,48119649,48803680,49449403,50023774,50508717,50915456,51276054,51638260,52035095,52480421,52959228,53441264,53882416,54252574,54541493,54764462,54947975,55130594,55340782,55585824,55858727,56156284,56470769,56795686,57132691,57482591,57836486,58182702,58512808,58559311,58851217,59106768,59327192,59541899,59753100,59964851,60186288,60496718
Faroe Islands,34661,35115,35570,36014,36454,36900,37334,37768,38200,38646,39083,39537,40009,40486,40955,41407,41848,42275,42693,43101,43514,43917,44307,44700,45122,45573,46077,46621,47117,47466,47594,47457,47101,46640,46250,46040,46058,46251,46580,46937
"Micronesia, Fed. Sts.",44537,45955,47388,48876,50487,52242,54199,56319,58403,60170,61431,62108,62298,62290,62476,63144,64386,66105,68222,70550,72964,75462,78059,80678,83240,85686,87948,90020,92021,94091,96331,98799,101413,103934,106057,107556,108344,108502,108238,107816
Gabon,499184,504167,509806,516265,523789,532511,542557,553823,565873,578108,590118,601731,613123,624621,636696,649716,663770,678774,694732,711533,729159,747587,766855,787013,808083,830085,853027,876863,901458,926622,952212,978223,1004676,1031504,1058663,1086137,1113994,1142324,1171224,1200773
United Kingdom,52400000,52800000,53250000,53650000,54000000,54348050,54648500,54943600,55211700,55441750,55663250,55896223,56086065,56194527,56229974,56225800,56211968,56193492,56196504,56246951,56314216,56333829,56313641,56332848,56422072,56550268,56681396,56802050,56928327,57076711,57247586,57424897,57580402,57718614,57865745,58019030,58166950,58316954,58487141,58682466
Georgia,3645600,3703600,3760300,3816100,3870300,3921600,3966700,4005800,4042300,4080300,4119900,4163000,4205300,4242500,4279500,4311200,4342400,4372100,4397700,4430200,4467700,4504500,4542800,4582900,4622200,4662900,4704500,4743500,4790700,4803300,4802000,4835900,4873500,4911100,4861600,4734000,4616100,4531600,4487300,4452500
Ghana,6652287,6866539,7085464,7303432,7513289,7710549,7890992,8057444,8221020,8397347,8596983,8827273,9083573,9350111,9604276,9831407,10023472,10189890,10354499,10550777,10802028,11117605,11488106,11895125,12311158,12716228,13104296,13481406,13854214,14233874,14628260,15039514,15463854,15896432,16330174,16760467,17185608,17608812,18036494,18477612
Gibraltar,23394,23786,24284,24848,25454,26041,26612,27174,27694,28159,28560,28869,29104,29278,29427,29578,29742,29902,30049,30177,30272,30334,30381,30383,30325,30207,30004,29744,29469,29262,29164,29212,29379,29623,29895,30147,30382,30594,30801,30991
Guinea,3577409,3633652,3690664,3749505,3811659,3877806,3948869,4023486,4097191,4164003,4219770,4263840,4298091,4324360,4345545,4364514,4381601,4398484,4421134,4457078,4511902,4589784,4690605,4810496,4943144,5084767,5229797,5381483,5554882,5770652,6041094,6374329,6758838,7163236,7544291,7871173,8132552,8337988,8503297,8653769
"Gambia, The",367928,376737,383523,389072,394553,400861,408180,416339,425510,435798,447285,460194,474539,489861,505512,521070,536409,551817,567831,585157,604369,625411,648210,673238,701104,732096,766589,804125,843050,881138,916808,949493,979718,1008358,1036829,1066223,1096708,1128169,1160944,1195420
Guinea-Bissau,616409,623415,629969,636586,643961,652562,662463,673462,685476,698338,711827,726256,741490,756280,768945,778470,784156,786754,788495,792462,800854,814507,832668,854113,876873,899509,921626,943617,965742,988520,1012280,1037155,1062800,1088569,1113541,1137122,1159060,1179727,1199915,1220794
Equatorial Guinea,255323,258947,262590,266598,271457,277396,284868,293440,301353,306233,306515,301666,292585,281021,269426,259747,252194,246677,244485,247078,255325,270063,290617,314475,338086,358896,376024,390173,402326,414138,426846,440624,455148,470610,487140,504871,523999,544636,566673,589938
Greece,8331725,8398050,8448233,8479625,8510429,8550333,8613651,8684088,8740765,8772764,8792806,8831036,8888628,8929086,8962022,9046541,9188150,9308479,9429959,9548258,9642505,9729350,9789513,9846627,9895801,9934300,9967213,10000595,10036983,10089498,10196792,10319927,10399061,10460415,10512922,10562153,10608800,10661259,10720509,10761698
Grenada,89869,91260,92425,93350,94066,94581,94875,94961,94868,94682,94426,94185,93934,93630,93152,92448,91437,90184,89073,88568,89005,90572,93091,95985,98439,99906,100143,99380,98062,96869,96283,96454,97198,98305,99405,100255,100796,101122,101309,101442
Greenland,32500,33700,35000,36400,37600,39200,40500,41900,43400,44900,46400,47200,48300,49000,49500,49600,49700,49400,49200,49600,50200,51000,51500,52100,52700,53200,53500,54100,54800,55300,55600,55500,55300,55200,55500,55800,55900,56000,56100,56100
Guatemala,4210747,4336143,4464249,4595510,4730540,4869716,5013153,5160609,5311615,5465512,5621792,5780480,5941567,6104530,6268707,6433728,6599214,6765516,6933906,7106145,7283459,7466488,7654819,7847472,8042897,8240060,8438604,8639108,8842575,9050465,9263813,9483270,9708544,9938692,10172297,10408489,10646674,10887634,11133501,11387203
Guam,66742,68072,69604,71286,73051,74830,76607,78404,80217,82040,83877,85726,87587,89464,91377,93352,95385,97477,99630,101844,104133,106485,108906,111402,113961,116572,119232,121919,124673,127522,130482,133558,136692,139818,142802,145561,148060,150303,152277,153953
Guyana,571819,589274,606285,622575,637845,651868,664521,675871,686146,695745,704934,713684,721948,729916,737847,745841,754101,762424,770125,776254,780153,781732,781246,778948,775219,770435,764459,757506,750731,745665,743309,744289,748134,753484,758342,761291,761861,760510,757952,755278
High income,754609927,765955145,775950078,785863206,795664702,805074670,813852130,822239552,829646759,838754708,846883364,855639233,864539669,872567781,881670350,890247204,897372709,904741849,912161737,919956023,927555800,935160587,942353440,949114272,955524429,961969171,968703210,975421581,982288521,989592440,997353719,1005572309,1011955642,1019867919,1027255147,1036155042,1043361635,1050343658,1057108847,1063829403
"Hong Kong SAR, China",3075605,3168100,3305200,3420900,3504600,3597900,3629900,3722800,3802700,3863900,3959000,4045300,4123600,4241600,4377800,4461600,4518000,4583700,4667500,4929700,5063100,5183400,5264500,5345100,5397900,5456200,5524600,5580500,5627600,5686200,5704500,5752000,5800500,5901000,6035400,6156100,6435500,6489300,6543700,6606500
Honduras,2038637,2096407,2155652,2216707,2280045,2346010,2414807,2486414,2560727,2637517,2716659,2798125,2882113,2968994,3059254,3153261,3251158,3352835,3458104,3566665,3678286,3792938,3910657,4031349,4154887,4281189,4410158,4541804,4676361,4814137,4955328,5099951,5247836,5398805,5552625,5709051,5867849,6028882,6192026,6357221
Heavily indebted poor countries (HIPC),162495580,166348536,170348129,174502178,178820615,183311108,187976481,192817243,197836081,203035027,208415064,213978472,219724282,225645580,231732881,237979218,244394102,250981876,257725573,264602415,271603169,278728186,286006012,293492340,301260428,309370058,317825339,326631480,335847788,345544609,355762200,366551884,377879250,389594161,401488248,413418810,425324425,437269757,449393754,461899663
Croatia,4140000,4171672,4202104,4231408,4259680,4287000,4313000,4339000,4364000,4387000,4411000,4435000,4457000,4478000,4497000,4514000,4530000,4532000,4556000,4571000,4588000,4608000,4635000,4659000,4680000,4701000,4722000,4740000,4757000,4767000,4780000,4510000,4470000,4640000,4650000,4669000,4494000,4572000,4501000,4554000
Haiti,3866159,3943364,4022593,4103730,4186640,4271133,4357484,4445530,4534234,4622208,4708642,4793155,4876560,4960657,5047944,5140357,5238245,5341419,5450549,5566266,5688836,5818671,5955267,6096692,6240329,6384195,6527543,6670568,6813348,6956300,7099732,7243391,7386975,7530705,7674911,7819806,7965553,8111951,8258483,8404398
Hungary,9983967,10029321,10061734,10087947,10119835,10147935,10178653,10216604,10255815,10298723,10337910,10367537,10398489,10432055,10478720,10540525,10598677,10648031,10684822,10704152,10711122,10711848,10705535,10689463,10668095,10648713,10630564,10612741,10596487,10481719,10373988,10373400,10369341,10357523,10343355,10328965,10311238,10290486,10266570,10237530
IBRD only,1917374485,1938089344,1971767955,2017341252,2063005443,2109873875,2159939615,2209648248,2260717669,2313952136,2368641001,2424660265,2479752450,2534559970,2588511538,2640675905,2691718266,2741668830,2792125961,2843527325,2895417606,2948771308,3004918685,3061651492,3117857855,3174933340,3233584117,3293767158,3354131698,3413636633,3471574808,3527564523,3581733331,3634874959,3687117645,3738698416,3789573052,3840453295,3890434573,3939169004
IDA & IBRD total,2299864225,2329888868,2373238348,2428869007,2485008106,2542784927,2604231800,2665770489,2729022482,2794658513,2861878183,2930528767,2998418215,3066318990,3133856412,3200230102,3266159743,3331644565,3398253258,3466364393,3535475763,3606560917,3680972749,3756519727,3832103030,3909126218,3988290158,4069534854,4151491690,4233121328,4313726004,4392785988,4470537757,4547598821,4623980436,4699923938,4775395704,4851072371,4925950751,4999779257
IDA total,382489740,391799524,401470393,411527755,422002663,432911052,444292185,456122241,468304813,480706377,493237182,505868502,518665765,531759020,545344874,559554197,574441477,589975735,606127297,622837068,640058157,657789609,676054064,694868235,714245175,734192878,754706041,775767696,797359992,819484695,842151196,865221465,888804426,912723862,936862791,961225522,985822652,1010619076,1035516178,1060610253
IDA blend,123195063,126145959,129235885,132460233,135810058,139283107,142884219,146618832,150482659,154472531,158588589,162826704,167198554,171751733,176545424,181619647,186993690,192650981,198566333,204695751,211007189,217484839,224129826,230943958,237935069,245102022,252445129,259944139,267549711,275200141,282899816,290487021,298118128,305759721,313402026,321107441,328964394,336924643,344939833,352915069
Indonesia,87792515,90138235,92558005,95055665,97638029,100308894,103067354,105907403,108821564,111800091,114834780,117921998,121059513,124242298,127465231,130724115,134010690,137322118,140665856,144053518,147490365,150978840,154506265,158044343,161555583,165012196,168402025,171728917,175000916,178233223,181436821,184615979,187766086,190879523,193945272,196957849,199914831,202826465,205715544,208612556
IDA only,259294677,265653565,272234508,279067522,286192605,293627945,301407966,309503409,317822154,326233846,334648593,343041798,351467211,360007287,368799450,377934550,387447787,397324754,407560964,418141317,429050968,440304770,451924238,463924277,476310106,489090856,502260912,515823557,529810281,544284554,559251380,574734444,590686298,606964141,623460765,640118081,656858258,673694433,690576345,707695184
Isle of Man,48442,48281,48418,48800,49391,50141,51049,52118,53254,54376,55425,56352,57154,57900,58655,59478,60428,61443,62406,63151,63551,63540,63191,62730,62487,62696,63441,64630,66047,67388,68429,69096,69475,69656,69818,70070,70431,70869,71390,71952
India,449480608,458494963,467852537,477527970,487484535,497702365,508161935,518889779,529967317,541505076,553578513,566224812,579411513,593058926,607050255,621301720,635771734,650485030,665502284,680915804,696783517,713118032,729868013,746949067,764245202,781666671,799181436,816792741,834489322,852270034,870133480,888054875,906021106,924057817,942204249,960482795,978893217,997405318,1015974042,1034539214
Ireland,2828600,2824400,2836050,2852650,2866550,2877300,2888800,2902450,2915550,2932650,2957250,2992050,3036850,3085950,3137500,3189550,3238050,3282200,3329100,3373750,3412800,3453000,3485800,3510600,3532423,3538082,3539690,3540057,3524949,3511009,3513974,3534235,3558430,3576261,3590386,3608841,3637510,3674171,3712696,3754786
"Iran, Islamic Rep.",21906903,22480418,23071429,23680432,24308085,24955115,25624656,26318119,27032943,27765243,28514010,29281268,30074298,30904271,31785500,32730554,33737768,34810723,35972652,37252659,38668220,40217629,41883332,43645092,45474708,47342702,49256842,51197482,53075618,54777114,56226185,57375584,58260738,58991218,59725125,60575644,61583089,62710557,63900630,65062660
Iraq,7289761,7475352,7674223,7888914,8122199,8375793,8651164,8947404,9260682,9585576,9917983,10255903,10599845,10951166,11312305,11684589,12068168,12460914,12859094,13257799,13653356,14046540,14438309,14825789,15205501,15576395,15936375,16290149,16651807,17040190,17469005,17942715,18458187,19011917,19597239,20208387,20845893,21509291,22190250,22878156
Iceland,175574,179029,182378,185653,188983,192286,195570,198751,201488,203369,204438,206098,209137,212317,215209,217979,220154,221799,223537,225735,228138,230755,233860,236977,239511,241405,243180,245859,249740,252852,254826,257797,261057,263725,266021,267468,268916,271128,274047,277381
Israel,2114020,2185000,2293000,2379000,2475000,2563000,2629000,2745000,2803000,2877000,2974000,3069000,3148000,3278000,3377000,3455000,3533000,3613000,3690000,3786000,3878000,3956000,4031000,4105000,4159000,4233000,4299000,4369000,4442000,4518000,4660000,4949000,5123000,5261000,5399000,5545000,5692000,5836000,5971000,6125000
Italy,50199700,50536350,50879450,51252000,51675350,52112350,52519000,52900500,53235750,53537950,53821850,54073490,54381345,54751406,55110868,55441001,55718260,55955411,56155143,56317749,56433883,56501675,56543548,56564074,56576718,56593071,56596155,56601931,56629288,56671781,56719240,56758521,56797087,56831821,56843400,56844303,56860281,56890372,56906744,56916317
Jamaica,1628252,1650806,1676250,1703395,1730486,1756266,1780264,1803064,1825633,1849414,1875381,1904016,1934828,1966700,1998034,2027737,2055085,2080538,2105664,2132690,2163045,2197583,2235327,2273666,2308947,2338638,2361720,2379279,2393534,2407720,2424242,2443689,2465362,2488782,2513049,2537440,2561993,2586827,2611367,2634882
Jordan,932257,973083,1009733,1049302,1101459,1172550,1265806,1377465,1498309,1615277,1718913,1806605,1881214,1945626,2004833,2062918,2120069,2176135,2234594,2299655,2374422,2461193,2559718,2667470,2780428,2895985,3011300,3127917,3252672,3395023,3560582,3753433,3968198,4189431,4395953,4572904,4716373,4832267,4927912,5014899
Japan,92500572,94943000,95832000,96812000,97826000,98883000,99790000,100725000,101061000,103172000,104345000,105697000,107188000,108079000,110162000,111940000,112771000,113863000,114898000,115870000,116782000,117648000,118449000,119259000,120018000,120754000,121492000,122091000,122613000,123116000,123537000,123921000,124229000,124536000,124961000,125439000,125757000,126057000,126400000,126631000
Kazakhstan,9714260,10129861,10532062,10913552,11267329,11588870,11872939,12120504,12341412,12550121,12757245,12966920,13176584,13382211,13577049,13756789,13920105,14070681,14215111,14362417,14518924,14683789,14853993,15030495,15214051,15403006,15600928,15801753,15982510,16249500,16348000,16450500,16439095,16330419,16095199,15815626,15577894,15333703,15071300,14928426
Kenya,8105440,8361441,8628972,8908422,9200157,9504703,9822499,10154484,10502245,10867716,11252492,11657514,12083188,12529852,12997595,13486629,13996704,14528293,15082994,15662852,16268990,16901677,17559430,18239404,18937738,19651225,20378626,21119318,21871442,22633022,23402507,24179598,24963953,25754114,26548486,27346456,28147734,28954114,29769803,30600397
Kyrgyz Republic,2172300,2255900,2333400,2413700,2495300,2573300,2655300,2736500,2818300,2894800,2959900,3022300,3088200,3153800,3223900,3292400,3358700,3423900,3487100,3552000,3617400,3685800,3759300,3838300,3916400,3990300,4066500,4144600,4218400,4307500,4391200,4463600,4515400,4516700,4515100,4560400,4628400,4696400,4769000,4840400
Cambodia,5722370,5873015,6028551,6183747,6331583,6467197,6584766,6685321,6778723,6879184,6994848,7137749,7300152,7447285,7531424,7522593,7402873,7194279,6955566,6768724,6692107,6748193,6918101,7168236,7446019,7712978,7958976,8196037,8433798,8689152,8973342,9286976,9621504,9968275,10315376,10653558,10980273,11295880,11597739,11883636
Kiribati,41233,42257,43302,44363,45425,46453,47459,48437,49388,50294,51178,52025,52824,53604,54380,55169,55977,56810,57662,58506,59339,60133,60920,61768,62765,64003,65518,67261,69098,70860,72412,73700,74769,75719,76671,77730,78907,80184,81550,82966
St. Kitts and Nevis,51195,51193,50966,50525,49930,49214,48358,47380,46402,45534,44885,44495,44326,44316,44331,44276,44148,43942,43703,43457,43210,42976,42762,42542,42294,42013,41697,41351,41047,40852,40834,41013,41361,41846,42373,42891,43373,43846,44317,44824
"Korea, Rep.",25012374,25765673,26513030,27261747,27984155,28704674,29435571,30130983,30838302,31544266,32240827,32882704,33505406,34103149,34692266,35280725,35848523,36411795,36969185,37534236,38123775,38723248,39326352,39910403,40405956,40805744,41213674,41621690,42031247,42449038,42869283,43295704,43747962,44194628,44641540,45092991,45524681,45953580,46286503,46616677
Latin America & Caribbean (excluding high income),206288466,212141158,218187764,224397456,230726737,237143034,243633320,250203252,256861866,263625974,270506235,277502867,284605846,291803994,299082201,306429011,313835275,321300608,328832663,336443919,344140576,351924309,359782679,367690458,375614401,383529486,391419929,399287449,407145597,415016911,422914642,430838594,438771695,446689943,454561464,462360574,470084837,477732904,485282781,492708788
Lao PDR,2120896,2170343,2221122,2273349,2327137,2382594,2439196,2496920,2556852,2620434,2688428,2762265,2840841,2919287,2990965,3051577,3098973,3135842,3168843,3207328,3258144,3323377,3401242,3489977,3586381,3687898,3794043,3905163,4020295,4138408,4258472,4380073,4502363,4623280,4740380,4851923,4957180,5056519,5150763,5241284
Lebanon,1804926,1864605,1925276,1984980,2041207,2092348,2136636,2174845,2210959,2250602,2297389,2353555,2416735,2480419,2535497,2575690,2598354,2606221,2604865,2602566,2605293,2615747,2632276,2651292,2667220,2676583,2677280,2672173,2668585,2676605,2703016,2752462,2821862,2900854,2974640,3033394,3070960,3092670,3113951,3156646
Liberia,1120313,1144986,1170480,1196890,1224344,1252972,1282814,1313941,1346491,1380637,1416529,1454198,1493711,1535229,1578952,1625013,1672300,1720489,1771256,1826881,1888314,1957456,2031850,2102911,2159089,2192555,2201833,2191023,2165090,2131525,2097232,2060267,2022729,2000248,2012885,2073482,2191179,2358469,2551062,2734518
Libya,1448417,1498071,1550813,1607171,1667825,1733306,1803683,1878877,1958914,2043818,2133526,2228146,2327490,2430755,2536888,2645139,2754696,2865637,2979093,3096729,3219466,3347781,3480454,3614689,3746715,3873781,3994591,4109703,4220418,4328914,4436661,4544293,4651004,4755289,4855003,4948798,5035884,5117269,5195502,5274163
St. Lucia,89897,90914,92084,93399,94814,96302,97881,99527,101179,102749,104160,105390,106455,107466,108532,109769,111208,112831,114546,116290,117987,119594,121154,122740,124468,126418,128619,131034,133533,135956,138185,140156,141925,143565,145247,147044,149004,151086,153183,155172
Latin America & Caribbean,220434662,226564469,232897323,239401268,246016368,252710310,259468669,266295880,273209036,280225795,287361389,294620137,301984430,309446959,316987646,324590837,332247800,339956419,347735305,355593111,363543431,371580994,379697683,387868173,396059351,404246768,412413602,420560827,428701267,436857131,445044474,453251622,461466819,469673465,477832467,485913138,493920488,501837820,509664957,517324344
Least developed countries: UN classification,240742196,246406470,252264341,258352723,264721836,271400502,278419926,285751541,293292818,300902584,308486373,316004632,323506502,331095229,338920295,347093126,355653610,364581154,373854416,383429856,393279303,403408681,413846599,424613917,435737690,447240981,459115735,471364938,484033065,497176877,510827576,525020368,539720450,554804181,570101958,585496175,600926162,616437048,632146821,648229112
Low income,154670163,158069258,161549718,165151369,168931464,172929952,177159065,181601570,186231925,191011431,195910639,200923157,206053605,211296083,216646371,222101799,227669815,233352815,239138889,245012264,250969220,257008637,263158391,269480791,276057603,282952714,290181431,297743620,305666480,313976444,322686243,331828071,341387303,351272293,361356181,371552946,381823685,392209889,402805256,413745647
Liechtenstein,16495,16894,17290,17718,18170,18649,19153,19691,20236,20765,21265,21726,22151,22563,22981,23432,23926,24440,24962,25447,25866,26224,26515,26765,27011,27257,27524,27802,28095,28407,28747,29108,29497,29919,30365,30833,31325,31838,32355,32842
Sri Lanka,9874481,10111646,10352188,10597520,10849979,11110828,11380683,11657660,11937611,12214968,12485756,12747842,13002275,13252087,13501986,13755161,14012817,14273272,14533376,14788607,15035856,15273391,15502515,15726802,15951422,16179796,16412711,16647945,16882189,17110713,17329713,17539633,17740637,17928576,18098348,18247121,18372120,18476505,18570701,18669103
Lower middle income,953436474,975335639,997980664,1021341761,1045376895,1070053365,1095374266,1121340587,1147940213,1175158989,1202987544,1231437682,1260539515,1290346039,1320951099,1352407131,1384711293,1417861934,1451953608,1487118655,1523416607,1560910438,1599393541,1638787693,1678820678,1719249257,1760036890,1801159728,1842572071,1884186007,1927824229,1969598498,2011509898,2053272520,2094605577,2135719600,2176829052,2217923536,2258829833,2299561619
Low & middle income,2277550468,2307413443,2350559730,2405923225,2461795047,2519470647,2580931526,2642449632,2705708561,2771424082,2838869974,2907753808,2975730007,3043675919,3111200931,3177493366,3243274636,3308563349,3374993940,3442907917,3511781968,3582642066,3656828178,3732147825,3807518675,3884369202,3963410418,4044579519,4126524754,4208165848,4290749497,4369916316,4447798221,4525005169,4601536035,4677639331,4753270486,4829090241,4904057198,4977989187
Lesotho,851591,866462,882170,898647,915822,933655,952206,971512,991491,1012015,1033050,1054453,1076340,1099235,1123855,1150635,1179723,1210799,1243352,1276663,1310118,1343690,1377346,1410439,1442212,1472192,1499861,1525460,1550262,1576022,1603938,1634517,1667121,1700362,1732257,1761359,1787273,1810453,1831298,1850527
Late-demographic dividend,1097220852,1099620212,1114283229,1140272235,1165840067,1192149720,1221225432,1249470063,1278513440,1309029590,1340215315,1371933906,1401978588,1431051239,1458706490,1484121802,1508004795,1530338921,1552623958,1575117475,1597224701,1619887922,1644667178,1669422093,1693279210,1717861954,1743894299,1771336115,1798912093,1825740671,1851248918,1875124381,1895051479,1915919207,1936316441,1957770830,1977094618,1996172104,2014525994,2031620012
Lithuania,2778550,2823550,2863350,2898950,2935200,2971450,3008050,3044400,3078850,3107321,3139689,3179041,3213622,3244438,3273894,3301652,3328664,3355036,3379514,3397842,3413202,3432947,3457179,3485192,3514205,3544543,3578914,3616367,3655049,3684255,3697838,3704134,3700114,3682613,3657144,3629102,3601613,3575137,3549331,3524238
Luxembourg,313970,316845,320750,324100,327750,331500,333895,334995,335850,337500,339171,342421,346600,350450,355050,358950,360731,361358,362007,362856,364150,365225,365525,365622,365998,366706,368355,370750,373450,377100,381850,387000,392175,397475,402925,408625,414225,419450,424700,430475
Latvia,2120979,2152681,2181586,2210919,2240623,2265919,2283217,2301220,2323619,2343173,2359164,2376389,2395674,2415819,2437186,2456130,2470989,2485073,2497921,2505953,2511701,2519421,2531080,2546011,2562047,2578873,2599892,2626583,2653434,2666955,2663151,2650581,2614338,2563290,2520742,2485056,2457222,2432851,2410019,2390482
"Macao SAR, China",167796,170465,176188,184250,193563,203231,213196,223420,233004,240842,246195,248739,248767,246947,244284,241628,239085,236695,235198,235479,238118,243427,251219,260997,271993,283581,295677,308275,320877,332901,343935,353764,362459,370345,377960,385686,393567,401564,409837,418604
St. Martin (French part),4279,4453,4566,4656,4748,4841,4936,5033,5161,5303,5450,5601,5756,5915,6078,6291,6530,6778,7035,7303,7580,7868,8670,10547,12790,15392,18337,21628,24873,27676,30036,31821,32892,33238,33098,32712,32102,31304,30358,29305
Morocco,12328532,12710547,13094818,13478232,13857142,14229044,14593284,14950803,15302947,15651924,16000008,16347198,16695003,17049165,17416964,17803698,18210754,18636977,19081718,19543347,20019847,20511601,21016818,21528502,22037610,22537376,23023935,23497766,23961820,24421191,24879136,25336862,25791494,26237417,26667048,27075232,27460603,27825901,28175263,28514798
Monaco,22452,22808,23039,23168,23236,23282,23305,23292,23304,23346,23484,23720,24051,24439,24835,25197,25523,25809,26087,26395,26745,27164,27624,28095,28512,28835,29041,29172,29235,29312,29439,29624,29863,30138,30427,30691,30967,31251,31523,31800
Moldova,2544000,2605000,2664000,2721000,2774000,2825000,2873000,2918000,2960000,3002000,3044000,3088000,3131000,3174000,3215000,3251000,3284000,3312000,3339000,3366000,3396000,3429000,3464000,3500000,3536000,3570000,3602000,3633000,3660000,3681000,3696000,3704000,3706000,3701000,3691000,3675099,3667748,3654208,3652732,3647001
Madagascar,5099373,5223568,5352503,5486319,5625164,5769218,5918595,6073526,6234465,6401921,6576305,6757850,6946620,7142627,7345780,7556026,7773449,7998164,8230218,8469672,8716553,8971345,9234129,9504281,9780872,10063495,10352120,10647754,10952395,11268658,11598633,11942819,12301336,12675460,13066543,13475400,13902688,14347854,14808791,15282521
Maldives,89887,92350,94938,97584,100214,102766,105190,107538,109959,112651,115768,119378,123441,127791,132195,136519,140665,144736,148892,153386,158385,163935,169960,176356,182953,189637,196357,203124,209885,216595,223215,229754,236190,242459,248433,254082,259327,264275,269206,274484
Middle East & North Africa,105488678,108374227,111385940,114471415,117671617,120973578,124374455,127947266,131566224,135279930,139083819,142950993,146887303,150999871,155259901,159722643,164407528,169318424,174493349,180000521,185843847,192015875,198499602,205229901,212102793,219095273,226161475,233285188,240367135,247283550,255989130,262659662,267020622,273204804,279279333,286917385,292934005,298982946,305001541,311053183
Mexico,38174112,39394126,40649588,41939880,43264272,44623043,46011038,47429812,48894019,50423481,52029861,53718724,55478151,57280587,59088193,60872399,62623763,64345884,66039488,67709689,69360871,70992195,72602533,74196548,75780605,77360707,78934125,80503052,82083919,83697891,85357874,87071512,88828310,90600453,92349147,94045579,95687452,97281739,98821456,100300579
Marshall Islands,14662,15051,15547,16114,16710,17284,17842,18388,18961,19622,20395,21313,22341,23439,24531,25576,26552,27470,28405,29418,30576,31893,33330,34892,36561,38333,40204,42153,44063,45814,47298,48475,49378,50048,50575,51015,51401,51692,51925,52079
Middle income,2122880305,2149344185,2189010012,2240771856,2292863583,2346540695,2403772461,2460848062,2519476636,2580412651,2642959335,2706830651,2769676402,2832379836,2894554560,2955391567,3015604821,3075210534,3135855051,3197895653,3260812748,3325633429,3393669787,3462667034,3531461072,3601416488,3673228987,3746835899,3820858274,3894189404,3968063254,4038088245,4106410918,4173732876,4240179854,4306086385,4371446801,4436880352,4501251942,4564243540
"Macedonia, FYR",1488667,1507654,1527111,1547450,1569141,1592432,1617794,1644943,1672399,1698143,1720800,1739521,1754956,1768992,1784398,1803010,1825552,1851069,1877688,1902719,1924197,1941530,1955243,1965895,1974415,1981534,1987538,1992274,1995513,1996870,1996228,1993302,1988659,1984028,1981703,1983252,1989443,1999599,2012057,2024394
Mali,5263733,5322266,5381368,5441613,5503752,5568484,5635859,5706199,5780835,5861412,5949045,6044530,6147458,6256187,6368348,6482278,6596773,6712401,6831295,6956579,7090126,7234303,7387656,7543743,7693667,7831889,7955164,8067758,8180728,8309531,8465188,8652514,8868263,9105472,9353385,9604450,9856810,10114094,10380835,10663723
Malta,326550,325250,323900,322550,321250,318800,315200,311550,307900,304300,302650,302700,302450,302200,301996,304222,305774,306970,310182,313342,316645,318982,325898,330524,330593,336452,342121,344485,347325,350722,354170,363845,367618,371308,374797,377419,379905,382791,385287,387578
Myanmar,20986123,21438025,21898020,22371902,22867741,23391145,23944178,24524548,25128116,25748643,26381431,27024985,27680144,28347341,29027734,29721967,30428034,31144324,31872230,32613888,33369712,34139130,34917895,35697943,36468888,37222296,37957332,38673241,39362142,40014862,40626250,41190156,41711465,42209778,42712223,43237792,43793310,44371525,44959935,45539435
Middle East & North Africa (excluding high income),97837766,100458479,103147177,105914391,108774858,111738154,114816087,118004103,121276296,124596411,127942543,131309640,134719523,138211123,141837810,145642454,149628962,153798274,158185098,162829871,167755859,172967490,178440308,184129812,189974163,195917732,201950420,208051337,214140741,220121789,227903820,233582274,239062651,244395451,249660649,254918217,260190124,265463944,270672291,275840061
Montenegro,480579,491140,502558,513409,521753,526327,526419,522796,517481,513340,512407,515449,521785,530220,538902,546487,552562,557576,562065,566888,572608,579445,587001,594506,600884,605398,607711,608144,607413,606571,606372,607105,608516,610170,611389,611712,611003,609520,607662,606001
Mongolia,955505,982178,1011324,1042383,1074514,1107124,1139961,1173191,1207104,1242214,1278825,1317050,1356670,1397304,1438425,1479651,1520865,1562209,1603906,1646291,1689622,1733475,1777727,1823216,1871090,1921881,1976309,2033343,2089714,2141008,2184145,2217918,2243502,2263200,2280496,2298039,2316567,2335695,2355590,2376162
Northern Mariana Islands,10035,10302,10499,10667,10857,11105,11435,11823,12257,12691,13127,13569,14040,14492,14859,15117,15234,15251,15372,15862,16920,18604,20856,23503,26302,29092,31802,34480,37134,39808,42538,45249,47919,50602,53380,56278,59364,62528,65474,67755
Mozambique,7388695,7541325,7699139,7862072,8030025,8203076,8381455,8565674,8756481,8954809,9161534,9375144,9595762,9827580,10076172,10344494,10632932,10936936,11248046,11554979,11848331,12133074,12409243,12657708,12853780,12984405,13034385,13020861,13002553,13059613,13247649,13591970,14071231,14636995,15217044,15759132,16248232,16701351,17136780,17584869
Mauritania,858168,883221,909174,936016,963747,992367,1021882,1052286,1083583,1115788,1148908,1182954,1217941,1253874,1290790,1328686,1367563,1407436,1448414,1490603,1534085,1578938,1625124,1672496,1720812,1769942,1819954,1870978,1923002,1976030,2030140,2085202,2141445,2199791,2261403,2327075,2397245,2471598,2549223,2628803
Mauritius,659351,680757,700349,718861,736381,753000,768813,783917,798413,812405,826000,839230,852053,864819,878042,892000,906507,921379,933499,949888,966039,980462,992521,1001691,1012221,1020528,1028360,1036082,1043239,1051260,1058775,1070266,1084441,1097374,1112846,1122457,1133996,1148284,1160421,1175267
Malawi,3618595,3700023,3784439,3872118,3963417,4058673,4158124,4262005,4370650,4484439,4603723,4728703,4859610,4996940,5141202,5292808,5454705,5627533,5806845,5986332,6163080,6327569,6484452,6661358,6895928,7211105,7625305,8120093,8636935,9094671,9437553,9641153,9729717,9755857,9796976,9909088,10109789,10381862,10704744,11044356
Malaysia,8157106,8418460,8692815,8974084,9253963,9526563,9789982,10046172,10297801,10549226,10803978,11062338,11324251,11592698,11871233,12162369,12468893,12790546,13123069,13460201,13798125,14133840,14470633,14818617,15191625,15598942,16045047,16525108,17027588,17535971,18038321,18529454,19012724,19494967,19986894,20495597,21023321,21565325,22113464,22656286
North America,198624409,202007500,205198600,208253700,211262900,214031100,216659000,219176000,221503000,223759000,226431000,229361135,231943831,234332208,236681487,239235000,241606200,244088400,246674600,249385800,251872670,254421050,256921449,259303930,261583423,263922898,266394382,268896849,271452347,274256841,277473326,281211703,285092192,288811320,292297226,295691746,299126029,302704697,306162843,309600485
Namibia,602544,617277,632654,648661,665282,682551,700341,718685,737886,758377,780384,804157,829441,855380,880785,904839,927503,949193,970258,991226,1012672,1034264,1056366,1081081,1111132,1148302,1193592,1245990,1302741,1359933,1414692,1465740,1513721,1559983,1606718,1655359,1706489,1758994,1810566,1858042
New Caledonia,79000,81200,83400,85700,88100,90500,93500,96500,99500,104000,112000,120000,125500,128500,131000,132500,134000,136000,137500,138500,140050,142650,145700,148700,151650,154450,157350,160500,163650,166898,170899,175362,179799,184496,189482,193816,197564,201418,205279,209214
Niger,3388764,3486295,3588156,3693866,3802640,3913934,4027758,4144395,4263745,4385758,4510479,4637829,4768078,4902006,5040656,5184811,5334918,5490921,5652355,5818506,5988904,6164006,6344382,6529894,6720344,6915927,7116744,7323969,7540253,7768995,8012861,8272976,8549424,8842415,9151763,9477333,9819964,10180061,10556549,10947829
Nigeria,45137812,46062905,47029140,48032246,49066059,50127214,51217359,52341834,53505978,54716735,55981400,57295210,58662603,60110433,61673559,63373572,65226229,67215805,69293550,71391290,73460724,75482552,77472907,79462277,81497739,83613300,85818502,88101628,90450281,92844353,95269988,97726323,100221563,102761737,105355783,108011465,110732904,113522705,116385750,119327073
Nicaragua,1774699,1830400,1886562,1943590,2002119,2062630,2125240,2189882,2256782,2326139,2398096,2472656,2549774,2629505,2711848,2796746,2884155,2973806,3065117,3157355,3249910,3342669,3435525,3527939,3619253,3709091,3796917,3882943,3968454,4055265,4144565,4236801,4331277,4426580,4520725,4612228,4700779,4786640,4869626,4949660
Netherlands,11486631,11638712,11805689,11965966,12127120,12294732,12456251,12598201,12729721,12877984,13038526,13194497,13328593,13439322,13545056,13666335,13774037,13856185,13941700,14038270,14149800,14247208,14312690,14367070,14424211,14491632,14572278,14665037,14760094,14848907,14951510,15069798,15184166,15290368,15382838,15459006,15530498,15610650,15707209,15812088
Norway,3581239,3609800,3638918,3666537,3694339,3723168,3753012,3784539,3816486,3847707,3875763,3903039,3933004,3960612,3985258,4007313,4026152,4043205,4058671,4072517,4085620,4099702,4114787,4128432,4140099,4152516,4167354,4186905,4209488,4226901,4241473,4261732,4286401,4311991,4336613,4359184,4381336,4405157,4431464,4461913
Nepal,10063011,10221759,10384204,10552267,10728197,10913724,11109884,11316826,11534264,11761473,11997929,12243768,12499429,12764957,13040404,13325814,13621110,13926260,14241403,14566691,14902163,15249010,15607236,15974420,16347242,16723956,17101136,17480921,17873667,18293514,18749406,19245054,19773772,20321175,20867130,21396384,21903379,22389803,22856305,23305994
Nauru,4433,4675,4947,5231,5500,5738,5936,6102,6241,6368,6493,6619,6743,6862,6972,7070,7156,7235,7311,7393,7488,7597,7719,7855,8007,8174,8356,8550,8752,8956,9157,9354,9544,9719,9863,9970,10033,10056,10054,10044
New Zealand,2371800,2419700,2482000,2531800,2585400,2628400,2675900,2724100,2748100,2772800,2810700,2853000,2903900,2961300,3023700,3083100,3110500,3120200,3121200,3109000,3112900,3124900,3156100,3199300,3227100,3247100,3246300,3274400,3283400,3299200,3329800,3495100,3531700,3572200,3620000,3673400,3732000,3781300,3815000,3835100
OECD members,788709114,801024442,811972766,822892098,833781082,844331730,854364014,863999086,872731745,883261223,892839932,903117690,913621315,923253553,933925905,944064422,952681739,961470085,970246409,979148318,987928331,996593865,1004836945,1012713908,1020245362,1027839846,1035732254,1043574007,1051552697,1060038063,1069095267,1078768055,1088596984,1097985090,1106885535,1115600405,1124083114,1132508272,1140597136,1148685955
Oman,551740,564890,578824,593501,608887,625009,642003,660119,679597,700725,723852,748973,776383,806991,841948,882044,927439,977808,1032800,1091853,1154379,1220587,1290111,1361097,1431077,1498417,1561185,1619864,1678116,1741160,1812160,1893771,1983277,2072111,2148428,2204283,2236666,2249773,2251875,2254918
Other small states,9196324,9366201,9539303,9715748,9898587,10086706,10278079,10473132,10676961,10888229,11107495,11337824,11575349,11816118,12059314,12306778,12553340,12802730,13058255,13332553,13628831,13946143,14286062,14639787,15008538,15397918,15805945,16230440,16657359,17075243,17470899,17850910,18191020,18507861,18829542,19149327,19478909,19820997,20170823,20549707
Pakistan,44908293,45984892,47119361,48309315,49551904,50845221,52191095,53590929,55042397,56542434,58090759,59687140,61338261,63059481,64870833,66787901,68813220,70946231,73194937,75567682,78068144,80696945,83445863,86297640,89228949,92219488,95264460,98357473,101474835,104588490,107678614,110730420,113747135,116749560,119769556,122829148,125938339,129086987,132253264,135405584
Panama,1132921,1167035,1202373,1238823,1276276,1314626,1353804,1393799,1434657,1476479,1519299,1563115,1607834,1653256,1699113,1745205,1791453,1837890,1884515,1931389,1978578,2026065,2073844,2121939,2170409,2219276,2268574,2318332,2368618,2419491,2471009,2523181,2576018,2629644,2684183,2739730,2796344,2853941,2912328,2971197
Peru,10061515,10350242,10650667,10961540,11281015,11607681,11941325,12282082,12629329,12982449,13341069,13704335,14072476,14447648,14832841,15229947,15639901,16061323,16491083,16924753,17359120,17792549,18225730,18660439,19099584,19544956,19996253,20451710,20909895,21368859,21826658,22283128,22737056,23184228,23619356,24038760,24441074,24827406,25199748,25561299
Philippines,26273025,27164617,28081231,29016771,29962876,30913933,31867563,32826599,33797042,34787588,35804729,36851055,37925400,39026082,40149961,41295124,42461193,43650333,44866273,46113995,47396968,48715592,50068493,51455033,52873974,54323648,55804072,57313311,58845205,60391867,61947348,63508459,65075486,66650247,68236230,69835715,71446107,73064764,74693695,76335812
Palau,9642,9900,10151,10378,10593,10782,10946,11080,11205,11331,11480,11654,11852,12046,12197,12278,12285,12225,12153,12124,12194,12387,12663,13012,13372,13696,13985,14240,14490,14757,15088,15474,15894,16342,16806,17253,17691,18123,18524,18879
Papua New Guinea,2010677,2051947,2094687,2139303,2186340,2236206,2289109,2344977,2403595,2464548,2527586,2592628,2659851,2729580,2802243,2878156,2957339,3039660,3125034,3213360,3304473,3398469,3495199,3594004,3694041,3794720,3895852,3997702,4100729,4205654,4313059,4423007,4535520,4651169,4770606,4894276,5022437,5154910,5291178,5430479
Poland,29637450,29964000,30308500,30712000,31139450,31444950,31681000,31987155,32294655,32548300,32664300,32783500,33055650,33357200,33678899,34015199,34356300,34689050,34965600,35247217,35574150,35898587,36230481,36571808,36904134,37201885,37456119,37668045,37824487,37961529,38110782,38246193,38363667,38461408,38542652,38594998,38624370,38649660,38663481,38660271
Pre-demographic dividend,188636191,192957526,197466057,202169074,207073952,212187233,217522775,223086567,228868113,234850584,241027706,247376381,253914730,260725221,267918888,275565267,283715621,292321446,301230680,310230861,319174900,328020973,336834728,345711225,354794146,364199513,373930490,383984828,394465713,405497636,417158756,429531376,442573477,456086696,469790790,483495980,497126039,510777895,524647448,539018066
Puerto Rico,2358000,2399722,2450322,2504530,2554066,2594000,2624995,2645674,2662064,2684150,2718000,2762190,2817256,2878786,2939299,2994000,3043854,3088690,3129421,3168088,3206000,3242552,3277453,3311138,3344190,3377000,3409554,3441850,3473898,3505650,3537000,3562110,3585176,3615497,3649237,3683103,3724655,3759430,3781101,3800081
"Korea, Dem. Peoples Rep.",11424176,11665595,11871712,12065468,12282419,12547525,12864954,13222694,13609982,14010339,14410400,14809521,15207771,15593351,15952078,16274740,16554746,16796578,17015983,17235666,17472140,17731230,18008564,18298214,18590138,18877238,19156795,19431986,19708323,19993755,20293054,20609150,20937404,21265834,21577982,21862299,22113548,22335638,22537336,22731985
Portugal,8857716,8929316,8993985,9030355,9035365,8998595,8930990,8874520,8836650,8757705,8680431,8643756,8630430,8633100,8754365,9093470,9355810,9455675,9558250,9661265,9766312,9851362,9911771,9957865,9996232,10023613,10032734,10030031,10019610,10005000,9983218,9960235,9952494,9964675,9991525,10026176,10063945,10108977,10160196,10217828
Paraguay,1902875,1953328,2005337,2058915,2114095,2170859,2229376,2289582,2350901,2412566,2474106,2535359,2596739,2659088,2723523,2790962,2861581,2935375,3012829,3094482,3180630,3271456,3366719,3465793,3567752,3671826,3777763,3885436,3994331,4103911,4213742,4323410,4432736,4541902,4651225,4760850,4870694,4980344,5089310,5196937
Pacific island small states,865809,894213,924220,955104,985873,1015763,1044550,1072397,1099420,1125867,1152033,1177892,1203419,1228876,1254518,1280561,1306937,1333621,1361133,1390028,1420671,1453521,1488185,1523012,1555767,1585015,1609919,1631156,1650642,1671078,1694410,1721268,1750900,1782065,1812883,1841945,1869030,1894563,1918749,1941852
Post-demographic dividend,754705296,765517069,774970556,784274508,793405703,802234753,810477286,818162391,824881275,833307280,840843453,848964693,857032016,864105636,872196067,879650582,885529196,891585019,897682739,904034683,910110515,916187214,921702426,926784900,931567479,936391539,941637615,946964644,952508537,958458726,964601905,970905787,977731114,984287544,989994337,995414348,1000643919,1005863664,1010698895,1015607144
French Polynesia,78076,80703,83651,86837,90132,93438,96732,100029,103386,106857,110495,114313,118279,122356,126486,130619,134748,138864,143032,147296,151708,156243,160888,165613,170396,175204,180075,184950,189738,194252,198375,202016,205266,208345,211579,215196,219283,223731,228376,232952
Qatar,47384,51421,56263,61717,67567,73633,79844,86295,93201,100874,109514,119424,130534,142241,153704,164413,173836,182443,192093,205313,223775,248144,277396,309479,341455,371081,397932,422341,443794,461870,476445,487491,495517,501566,507095,513455,522304,534608,550430,569447
Romania,18406905,18555250,18676550,18797850,18919126,19031576,19215450,19534242,19799831,20009141,20250398,20461567,20657957,20835681,21029429,21293583,21551634,21756096,21951464,22090488,22242653,22415169,22515389,22588790,22655940,22755427,22859269,22949430,23057662,23161458,23201835,23001155,22794284,22763280,22730211,22684270,22619004,22553978,22507344,22472040
Russian Federation,119897000,121236000,122591000,123960000,125345000,126745000,127468000,128196000,128928000,129664000,130404000,131155000,131909000,132669000,133432000,134200000,135147000,136100000,137060000,138027000,139010000,139941000,140823000,141668000,142745000,143858000,144894000,145908000,146857000,147721000,148292000,148624000,148689000,148520000,148336000,148375726,148160042,147915307,147670692,147214392
Rwanda,2933428,2996096,3050604,3102972,3161724,3232934,3319082,3418317,3527263,3640591,3754541,3868337,3983700,4102321,4226799,4359092,4499509,4647615,4803725,4968074,5140716,5315032,5489322,5673614,5881906,6120107,6407672,6732131,7030179,7216028,7235798,7051759,6701851,6299909,6005095,5928078,6115168,6522382,7059813,7593239
South Asia,571835666,583894094,596413939,609391805,622822615,636701820,651036352,665826653,681054882,696697198,712740919,729173562,746012374,763310561,781140577,799553306,818560436,838142287,858277856,878933031,900076467,921696915,943781613,966293643,989188965,1012429641,1035982524,1059829211,1083963380,1108386444,1133089464,1158058109,1183253534,1208612942,1234059205,1259530819,1284978193,1310387887,1335777637,1361185289
Saudi Arabia,4086539,4218879,4362864,4516659,4677404,4843635,5015204,5194846,5387486,5599628,5836389,6100994,6393894,6714095,7059334,7428703,7818613,8231604,8679840,9179621,9740599,10366661,11048080,11763837,12484967,13189115,13869012,14525660,15155223,15755944,16326815,16867829,17378833,17859750,18311090,18735841,19131578,19505576,19882458,20294406
Sudan,7544491,7769482,8004121,8248812,8503994,8770097,9047798,9337657,9639840,9954410,10281700,10621472,10974622,11343926,11732958,12144135,12578407,13034625,13510421,14002303,14507468,15027270,15562194,16107730,16658054,17210187,17757169,18302587,18866319,19475609,20147590,20893625,21701476,22535937,23347885,24102986,24786190,25410451,26003542,26607042
Senegal,3206749,3295293,3386863,3481745,3580312,3682876,3789211,3899237,4013539,4132844,4257505,4388458,4525114,4664444,4802348,4936209,5064674,5189539,5315265,5448110,5592646,5750338,5920059,6100495,6289327,6484738,6686159,6893896,7107976,7328600,7555617,7789653,8029725,8272170,8512173,8746606,8974077,9196528,9418393,9645957
Singapore,1646400,1702400,1750200,1795000,1841600,1886900,1934400,1977600,2012000,2042500,2074500,2112900,2152400,2193000,2229800,2262600,2293300,2325300,2353600,2383500,2413945,2532835,2646466,2681061,2732221,2735957,2733373,2774789,2846108,2930901,3047132,3135083,3230698,3313471,3419048,3524506,3670704,3796038,3927213,3958723
Solomon Islands,117866,121396,125064,128866,132782,136847,141026,145351,149921,154875,160290,166212,172598,179349,186332,193445,200640,207937,215347,222897,230607,238479,246493,254596,262709,270801,278838,286863,294964,303253,311840,320753,329953,339456,349225,359225,369469,379947,390643,401538
Sierra Leone,2297110,2329204,2363013,2398414,2435204,2473294,2512652,2553529,2596568,2642608,2692259,2745779,2803031,2863739,2927468,2993876,3062956,3134800,3209263,3286179,3365441,3445277,3525399,3608751,3699467,3799550,3912438,4034668,4152984,4249468,4312246,4337239,4331332,4307299,4283621,4274819,4282350,4305455,4353646,4437803
El Salvador,2762899,2843240,2927857,3015887,3106186,3197863,3290411,3383701,3477742,3572707,3668595,3765166,3861931,3958323,4053713,4147525,4239675,4329964,4417516,4501316,4580704,4655364,4725720,4792903,4858532,4923860,4988943,5053714,5119035,5185943,5254984,5326657,5400331,5474000,5544945,5611115,5671925,5727755,5778706,5825187
San Marino,15397,15789,16199,16621,17032,17441,17835,18229,18589,18895,19138,19303,19398,19466,19562,19735,19980,20296,20660,21030,21361,21666,21943,22210,22455,22708,22961,23210,23466,23740,24043,24386,24749,25141,25516,25877,26209,26508,26799,27096
Somalia,2755947,2814096,2874190,2936443,3001126,3068437,3143836,3228495,3313786,3387632,3444553,3470324,3475022,3506008,3627504,3880320,4289469,4827362,5417740,5953615,6359126,6604872,6716448,6740220,6747932,6791716,6887372,7018109,7165295,7298417,7397347,7455936,7488544,7519811,7583954,7704894,7892389,8137475,8422372,8720231
Sub-Saharan Africa (excluding high income),228544305,233965691,239603097,245458090,251530081,257821109,264337472,271089360,278087862,285345634,292875474,300682328,308775520,317177235,325914096,335005587,344461837,354281373,364453680,374972295,385822020,397001521,408512620,420349183,432508714,444982815,457769762,470870472,484288955,498033585,512107594,526528575,541294922,556379645,571754398,587394320,603309222,619530637,636103731,653099453
South Sudan,2955152,3011110,3069913,3131557,3196113,3263638,3334191,3407800,3484537,3564465,3647709,3734418,3824762,3918922,4017075,4119438,4224529,4332287,4445826,4569423,4705224,4853927,5011726,5170558,5319609,5450424,5565545,5666078,5741235,5777498,5768481,5705378,5599814,5490915,5431738,5459519,5591114,5814006,6099923,6405864
Sub-Saharan Africa,228586005,234008580,239647139,245503266,251576403,257868609,264386171,271139271,278138996,285397999,292929074,300737023,308831549,317234127,325972033,335064879,344522341,354343159,364515830,375034981,385885281,397065556,408577033,420413518,432573431,445048059,457835414,470938971,484357710,498102752,512177101,526599014,541365685,556451898,571828603,587469624,603385639,619607956,636182577,653179863
Small states,14260440,14538216,14821269,15107656,15397706,15688246,15976548,16263696,16556005,16853977,17159587,17476363,17800127,18127043,18456078,18789044,19120339,19453893,19794781,20157724,20547258,20963864,21407908,21865553,22331262,22806175,23285887,23770482,24251662,24726228,25186923,25642382,26066185,26471464,26881001,27284099,27691622,28107600,28528159,28976069
Sao Tome and Principe,64253,64551,64432,64177,64212,64796,66063,67873,70046,72241,74253,75988,77537,79022,80670,82607,84885,87434,90089,92649,94949,96950,98706,100318,101915,103634,105474,107415,109470,111627,113893,116294,118816,121407,123973,126454,128821,131107,133418,135886
Suriname,289966,298188,306328,314528,322997,331793,341133,350751,359733,366848,371273,372623,371324,368344,365099,362654,361364,361043,361457,362125,362777,363325,364032,365300,367660,371470,376867,383654,391391,399492,407472,415216,422763,430039,437037,443724,450036,455954,461560,467003
Slovak Republic,4068095,4191667,4238188,4282017,4327341,4370983,4411666,4449367,4483915,4518607,4538223,4557449,4596622,4641445,4689623,4739105,4789507,4840501,4890125,4938973,4979815,5016105,5055099,5091971,5127097,5161768,5193838,5222840,5250596,5275942,5299187,5303294,5305016,5325305,5346331,5361999,5373361,5383291,5390516,5396020
Slovenia,1584720,1594131,1603649,1616971,1632114,1649160,1669905,1689528,1704546,1713874,1724891,1738335,1752233,1766697,1776132,1793581,1820249,1842377,1862548,1882599,1901315,1906531,1910334,1922321,1932154,1941641,1965964,1989776,1995196,1996351,1998161,1999429,1996498,1991746,1989443,1989872,1988628,1985956,1981629,1983045
Sweden,7484656,7519998,7561588,7604328,7661354,7733853,7807797,7867931,7912273,7968072,8042801,8098334,8122300,8136312,8159955,8192437,8222286,8251540,8275599,8293678,8310531,8320503,8325263,8329033,8336605,8350386,8369829,8397804,8436489,8492964,8558835,8617375,8668067,8718561,8780745,8826939,8840998,8846062,8850974,8857874
Swaziland,349174,357453,365636,373897,382469,391546,401183,411352,422140,433588,445729,458605,472230,486561,501512,517024,533214,550118,567559,585344,603372,621276,639237,658320,679976,705085,734243,766707,800456,832682,861373,885623,906034,924025,941774,960792,981764,1003995,1026009,1045629
Seychelles,41700,42889,44042,45176,46322,47500,48699,49911,51134,52365,53600,54695,56029,56892,57937,59292,60504,61786,62150,62686,63261,64035,64413,64335,64717,65244,65652,68499,68755,69167,69507,70439,70763,72253,74205,75304,76417,77319,78846,80410
Syrian Arab Republic,4573512,4721896,4875422,5034646,5200336,5373137,5553246,5740710,5935860,6139048,6350541,6570857,6800141,7037851,7283177,7535714,7794662,8060649,8336418,8625690,8930774,9252851,9590227,9938847,10293049,10648632,11004272,11360852,11719071,12080444,12446171,12815219,13187085,13564167,13949697,14345492,14755286,15177456,15602210,16016092
Turks and Caicos Islands,5726,5763,5763,5740,5710,5672,5629,5590,5559,5571,5633,5756,5922,6126,6346,6548,6723,6886,7053,7264,7519,7858,8244,8669,9095,9506,9875,10224,10582,11017,11552,12206,12968,13789,14597,15332,15966,16528,17115,17864
Chad,3001593,3060355,3121216,3183551,3246505,3309573,3372170,3434811,3499352,3568376,3643549,3726091,3815103,3907632,3999512,4087948,4172230,4253989,4335645,4420716,4512042,4610167,4715197,4829094,4954046,5091535,5243006,5408087,5584339,5768086,5956859,6150081,6349089,6555603,6772133,7000722,7241134,7493251,7759258,8041846
East Asia & Pacific (IDA & IBRD countries),882521780,881860854,893563281,916564189,939183159,962765445,989873765,1016049762,1043166804,1071971003,1101678963,1132024738,1160630217,1188294880,1214467266,1238240443,1260190656,1280579542,1300959484,1321650185,1342000587,1363065691,1386477554,1410012615,1432476228,1455657361,1480373786,1506584203,1533101545,1558955175,1584201527,1608359604,1630963311,1652721433,1674318792,1695483908,1716273163,1736829481,1756647031,1775313796
Europe & Central Asia (IDA & IBRD countries),308725388,313380986,318070294,322832322,327602523,332185772,336037201,340026927,343930844,347710540,351363928,355018390,358817766,362625007,366468511,370345370,374380988,378335273,382215827,386070618,390068206,394132391,398033246,401922560,406045884,410151269,414186469,418164696,421971143,425588882,428318228,430153302,431844672,433366951,434111200,434648577,434909531,435422592,435662495,435732195
Togo,1580513,1597526,1612755,1631764,1662073,1708630,1774029,1855442,1945780,2034907,2115522,2185662,2247582,2303345,2356622,2410446,2464455,2518566,2576469,2642846,2720839,2812039,2915066,3026238,3140237,3252994,3364020,3474080,3581928,3686373,3786940,3882271,3973327,4064926,4163642,4274024,4398238,4534551,4679023,4825704
Thailand,27397175,28224204,29081034,29967041,30881332,31822796,32789096,33778504,34790945,35826804,36884913,37964925,39061994,40164966,41259536,42334954,43386841,44416010,45423436,46412307,47385323,48337503,49267560,50186199,51108082,52041469,52996467,53964406,54912334,55795106,56582821,57258401,57837878,58364891,58901666,59491790,60151472,60863506,61597283,62306651
Tajikistan,2087038,2159123,2236559,2318234,2402455,2487953,2574478,2662230,2750894,2840228,2930079,3020391,3111264,3203019,3296095,3390935,3487644,3586499,3688385,3794420,3905413,4020778,4140258,4265247,4397525,4537789,4687283,4843951,5001110,5149803,5283728,5400714,5502976,5594114,5679832,5764712,5849540,5934282,6021691,6114886
Turkmenistan,1603258,1658362,1715408,1773853,1833063,1892599,1952141,2011763,2071789,2132799,2195173,2258964,2324013,2390213,2457382,2525361,2594311,2664257,2734896,2805818,2876808,2947779,3019066,3091511,3166221,3244018,3324456,3407319,3493894,3585867,3683966,3789185,3899843,4010789,4115099,4207840,4287344,4355114,4413477,4466132
Latin America & the Caribbean (IDA & IBRD countries),210357620,216285875,222396518,228663034,235048548,241525127,248082224,254723773,261454660,268285362,275222756,282265414,289406786,296643292,303970215,311383650,318876360,326446030,334099163,341845707,349689363,357632874,365662995,373747579,381844359,389922156,397961545,405966436,413957171,421966286,430014112,438102530,446211495,454312822,462368285,470347459,478247051,486067029,493785288,501376484
Timor-Leste,499950,508845,518107,527749,537786,548218,558676,569031,579807,591739,605125,620945,638499,654437,664223,664984,654947,636096,613857,595872,587563,591005,604430,624648,646688,666945,684184,699522,714474,731444,751933,777011,805435,833611,856684,871447,875916,871994,865194,863269
Middle East & North Africa (IDA & IBRD countries),97837766,100458479,103147177,105914391,108774858,111738154,114816087,118004103,121276296,124596411,127942543,131309640,134719523,138211123,141837810,145642454,149628962,153798274,158185098,162829871,167755859,172967490,178440308,184129812,189974163,195917732,201950420,208051337,214140741,220121789,225925572,231513429,236899060,242132775,247294351,252443551,257602127,262757426,267895723,272991630
Tonga,61601,63745,66259,69005,71757,74362,76779,79052,81097,82877,84369,85518,86347,86988,87609,88348,89254,90295,91364,92300,93007,93453,93681,93774,93842,93953,94145,94384,94667,94929,95153,95333,95496,95644,95833,96076,96369,96725,97135,97591
South Asia (IDA & IBRD),571835666,583894094,596413939,609391805,622822615,636701820,651036352,665826653,681054882,696697198,712740919,729173562,746012374,763310561,781140577,799553306,818560436,838142287,858277856,878933031,900076467,921696915,943781613,966293643,989188965,1012429641,1035982524,1059829211,1083963380,1108386444,1133089464,1158058109,1183253534,1208612942,1234059205,1259530819,1284978193,1310387887,1335777637,1361185289
Sub-Saharan Africa (IDA & IBRD countries),228586005,234008580,239647139,245503266,251576403,257868609,264386171,271139271,278138996,285397999,292929074,300737023,308831549,317234127,325972033,335064879,344522341,354343159,364515830,375034981,385885281,397065556,408577033,420413518,432573431,445048059,457835414,470938971,484357710,498102752,512177101,526599014,541365685,556451898,571828603,587469624,603385639,619607956,636182577,653179863
Trinidad and Tobago,848479,865360,880023,892569,903275,912417,919903,925909,931468,937848,945993,956366,968741,982592,997053,1011490,1025658,1039761,1054116,1069202,1085308,1102556,1120611,1138676,1155695,1170928,1184051,1195247,1204893,1213624,1221900,1229907,1237487,1244407,1250318,1255001,1258364,1260678,1262542,1264775
Tunisia,4176266,4235937,4303131,4377637,4458611,4545339,4638275,4737627,4842167,4950153,5060397,5172691,5287543,5405355,5526764,5652476,5781796,5915006,6054911,6205212,6368167,6545024,6733961,6930387,7127941,7321876,7509756,7692254,7871459,8050932,8232797,8417684,8603225,8784888,8956596,9113975,9256037,9384152,9499395,9603742
Turkey,27472331,28146893,28832805,29531342,30244232,30972965,31717477,32477961,33256432,34055361,34876267,35720568,36587225,37472298,38370241,39277211,40189511,41108248,42039935,42993991,43975921,44988356,46025357,47073422,48114105,49133883,50128489,51100878,52053704,52992429,53921699,54840531,55748875,56653729,57564132,58486381,59423208,60372499,61329590,62287326
Tuvalu,6104,6246,6389,6538,6684,6815,6938,7040,7133,7214,7303,7381,7458,7537,7616,7677,7749,7816,7888,7962,8052,8154,8284,8413,8530,8650,8747,8820,8883,8947,9003,9053,9109,9156,9190,9230,9256,9277,9306,9345
Tanzania,10074507,10373398,10683906,11005905,11339097,11683528,12038903,12406040,12787489,13186557,13605529,14045824,14506617,14985131,15477294,15980301,16493305,17017670,17555494,18109884,18683157,19277108,19891548,20524666,21173603,21836999,22511243,23198533,23909954,24660575,25459604,26315013,27219619,28149328,29070615,29960776,30811854,31635251,32451713,33291540
Uganda,6788214,7006633,7240174,7487429,7746198,8014401,8292776,8580676,8872920,9162833,9446064,9720399,9988380,10256429,10533716,10827147,11139833,11470867,11818307,12178544,12549540,12930209,13323332,13735271,14174470,14646624,15154521,15695411,16262533,16846090,17438907,18040438,18652889,19275422,19907634,20550291,21202118,21865931,22551789,23272995
Ukraine,42662149,43203635,43749470,44285899,44794327,45261935,45682308,46060452,46409002,46746669,47086761,47433805,47783011,48127172,48455122,48758987,49036456,49290905,49526883,49751257,49968812,50221000,50384000,50564000,50754000,50917000,51097000,51293000,51521000,51773000,51892000,52000470,52150266,52179210,51921041,51512299,51057189,50594105,50143939,49673350
Upper middle income,1169443831,1174008546,1191029348,1219430095,1247486688,1276487330,1308398195,1339507475,1371536423,1405253662,1439971791,1475392969,1509136887,1542033797,1573603461,1602984436,1630893528,1657348600,1683901443,1710776998,1737396141,1764722991,1794276246,1823879341,1852640394,1882167231,1913192097,1945676171,1978286203,2010003397,2040239025,2068489747,2094901020,2120460356,2145574277,2170366785,2194617749,2218956816,2242422109,2264681921
Uruguay,2538651,2571690,2603887,2635129,2665390,2694537,2722877,2750093,2774774,2795046,2809803,2818270,2821439,2822081,2824069,2830172,2841429,2857105,2875966,2896023,2915778,2935036,2954282,2973463,2992645,3011908,3031038,3049966,3069099,3088984,3109989,3132050,3154855,3178155,3201607,3224804,3248035,3271010,3292138,3309318
United States,180671000,183691000,186538000,189242000,191889000,194303000,196560000,198712000,200706000,202677000,205052000,207661000,209896000,211909000,213854000,215973000,218035000,220239000,222585000,225055000,227225000,229466000,231664000,233792000,235825000,237924000,240133000,242289000,244499000,246819000,249623000,252981000,256514000,259919000,263126000,266278000,269394000,272657000,275854000,279040000
Uzbekistan,8549493,8837349,9138097,9454250,9788986,10143740,10520879,10917446,11323095,11723846,12110028,12477058,12828625,13173590,13525094,13892638,14279120,14681459,15096012,15516862,15939744,16363562,16790069,17221212,17659975,18108300,18565477,19029877,19501225,19979127,20510000,20952000,21449000,21942000,22377000,22785000,23225000,23667000,24051000,24311650
St. Vincent and the Grenadines,80949,82142,83206,84167,85069,85970,86857,87736,88613,89516,90452,91440,92463,93517,94568,95611,96641,97649,98633,99590,100505,101379,102204,102984,103742,104477,105198,105896,106536,107084,107505,107814,108003,108092,108129,108122,108075,108004,107922,107880
"Venezuela, RB",8146847,8461685,8790589,9130349,9476252,9824692,10175140,10528054,10881995,11235491,11587761,11937805,12286439,12636969,12994025,13360987,13739142,14127787,14525931,14931739,15343916,15761799,16185894,16617346,17057785,17508059,17968552,18437794,18912526,19388342,19861956,20332079,20799075,21263443,21726352,22188667,22650102,23110178,23569454,24028689
British Virgin Islands,8033,8155,8298,8452,8627,8814,9007,9218,9424,9621,9803,9970,10125,10264,10379,10476,10543,10591,10662,10792,11002,11315,11712,12188,12731,13304,13938,14589,15266,15900,16461,16934,17344,17703,18052,18427,18833,19270,19722,20188
Virgin Islands (U.S.),32500,34300,35000,39800,40800,43500,46200,49100,55700,60300,63476,70937,76319,84121,89941,94484,96166,93203,95929,96183,99636,99853,100068,100348,100600,100760,100842,100901,100952,101041,103963,104807,105712,106578,107318,107818,108095,108357,108537,108599
Vietnam,32670629,33666772,34684165,35722091,36780985,37860012,38959334,40074699,41195835,42309665,43407287,44485908,45549483,46604726,47661773,48729392,49808071,50899504,52015281,53169673,54372514,55627746,56931824,58277387,59653090,61049373,62459560,63881297,65313708,66757402,68209605,69670902,71130448,72560427,73925082,75198977,76372719,77453335,78452897,79391374
Vanuatu,63699,65713,67808,69964,72131,74289,76413,78522,80673,82940,85389,88022,90823,93765,96796,99872,103028,106222,109429,112580,115632,118580,121435,124249,127092,130027,133038,136125,139366,142849,146634,150778,155243,159814,164208,168235,171801,174999,178078,181345
World,3032160395,3073368588,3126509808,3191786431,3257459749,3324545317,3394783656,3464689184,3535355320,3610178790,3685753338,3763393041,3840269676,3916243700,3992871281,4067740570,4140647345,4213305198,4287155677,4362863940,4439337768,4517802653,4599181618,4681262097,4763043104,4846338373,4932113628,5020001100,5108813275,5197758288,5288103216,5375488625,5459753863,5544873088,5628791182,5713794373,5796632121,5879433899,5961166045,6041818590
Samoa,108646,112119,115788,119561,123354,127068,130688,134193,137506,140518,143176,145439,147321,148889,150221,151387,152390,153247,154007,154760,155557,156428,157403,158384,159283,160031,160592,161015,161421,161998,162866,164076,165570,167207,168788,170157,171283,172198,172981,173755
Kosovo,947000,966000,994000,1022000,1050000,1078000,1106000,1135000,1163000,1191000,1219000,1247000,1278000,1308000,1339000,1369000,1400000,1430000,1460000,1491000,1521000,1552000,1582000,1614000,1647000,1682000,1717000,1753000,1791000,1827000,1862000,1898000,1932000,1965000,1997000,2029000,2059000,2086000,1966000,1762000
"Yemen, Rep.",5172135,5260501,5351799,5446063,5543339,5643643,5748588,5858638,5971407,6083619,6193810,6300554,6407295,6523452,6661566,6830692,7034868,7271872,7536764,7821552,8120497,8434017,8764621,9111097,9472170,9847899,10232733,10628585,11051504,11523267,12057039,12661614,13325583,14017239,14692686,15320653,15889449,16408954,16896210,17378098
South Africa,17456855,17920673,18401608,18899275,19412975,19942303,20486439,21045785,21622590,22219897,22839451,23482813,24148137,24829693,25519604,26212405,26904349,27597297,28298150,29017049,29760471,30532954,31330259,32139708,32943584,33730148,34490419,35230249,35970537,36740883,37560525,38437855,39360225,40300161,41218901,42088165,42898520,43657024,44372112,45058775
Zambia,3044846,3140264,3240587,3345145,3452942,3563407,3676189,3791887,3912085,4038923,4173928,4317748,4469895,4629402,4794754,4964831,5139030,5317631,5501445,5691749,5889230,6094206,6305709,6521542,6738765,6955212,7170656,7385686,7600072,7813808,8027253,8239732,8452275,8669168,8896109,9137077,9394304,9666578,9950224,10239714
Zimbabwe,3747369,3870756,3999419,4132756,4269863,4410212,4553433,4700041,4851431,5009514,5175618,5351195,5535874,5727044,5920943,6115370,6308300,6501893,6703182,6921790,7164172,7431940,7721536,8027565,8342195,8658857,8976205,9293283,9604302,9902540,10183113,10443043,10682868,10905756,11116948,11320346,11518262,11709997,11893272,12064537
