Country Name,2000,2001,2002,2003,2004,2005,2006,2007,2008,2009,2010,2011,2012,2013,2014,2015,2016
Afghanistan,21082101.153139006,22044380.103477232,23018099.256248802,23966219.464921504,24943452.695717745,25908536.23809673,26874984.112019822,27750703.07021412,28550523.834602475,29246150.485345922,29882827.04514102,30409640.36970631,30866822.508744713,31253412.90402077,31671910.830027886,32106834.2869789,32543673.41245182
Albania,3053634.135380162,3015056.088866139,2975611.2151745483,2938798.8041576724,2899849.884127451,2861358.3377681,2822061.2417795053,2792048.253619983,2769480.079250984,2754928.557343266,2742772.137725603,2737856.7428591996,2738389.2645658934,2744367.445849454,2747357.3019480044,2748771.9576436644,2751119.548373552
Algeria,31660896.37584791,32271510.540625643,32888273.01408366,33508269.003519528,34083430.27353747,34631123.86878016,35133416.01029928,35609511.43953195,36062957.500948444,36523178.98166052,36987390.92849767,37474783.004307196,37953998.46243206,38440252.87011318,38901865.16431572,39356512.80781847,39812710.12844817
American Samoa,58735.851051008525,59826.08863235739,60868.19078522553,61870.193205899544,62940.472895691775,63992.99841092392,64964.94317060796,65857.87615407565,66773.9817442277,67731.62532649432,68690.73027357945,69808.58336157189,70941.54582097026,72083.73909129802,73222.435367826,74330.40879867235,75439.82215754162
Andorra,68377.07243055468,69492.64097060054,70519.12472123763,71473.5123974283,72449.92709095849,73410.49983370176,74302.043803727,75121.83269528515,75959.69617162009,76837.06058469164,77734.38109166278,78767.04259178384,79839.40859743778,80936.64866997296,82038.18242602119,83109.42143736964,84183.39381612281
Angola,16449590.811278056,16922631.332827486,17402021.127987508,17884703.226060346,18366666.94377237,18846517.582403973,19325203.512719702,19798292.46011868,20262362.870542277,20717401.307313133,21164015.382814538,21599226.415744457,22020138.220359765,22431248.464017693,22837153.988675453,23242732.46866313,23645280.515391853
Antigua and Barbuda,81008.05708645779,82256.48365894967,83584.83002931444,84939.94438069017,86428.50513673665,87909.18269689982,89433.48529895711,90934.66823429843,92391.29214914834,93663.44751481204,94756.26661014663,95583.78630993115,96295.40891232099,96873.88652779792,97519.28065267492,98203.5424187627,98921.42307809072
Argentina,37182771.72807549,37615832.500750005,38042053.7787758,38461769.88779263,38875486.09554446,39284240.07192013,39687181.40932065,40083700.51761046,40473588.4562408,40855860.87876552,41229713.95947294,41595081.505268544,41952213.93959181,42302194.82564053,42646299.79312049,42985416.43099441,43320752.55042811
Armenia,2914009.2156073954,2819967.9772470053,2721048.737621546,2621509.6758707277,2521675.851739561,2422443.3158471407,2324095.395774073,2236096.608156517,2156347.834001353,2082050.8055961635,2007176.8925253805,1935240.962027058,1868330.3253477057,1804769.275593793,1739005.500144668,1670603.624172192,1602011.5222472604
Aruba,94228.0318910355,97684.8853438007,101254.97549848421,104788.70643482773,108407.34306701666,111913.38478787124,115358.04734187317,118515.07873143075,121477.53586615773,124250.02625009432,127031.03133339205,129684.42179051813,132314.5003498994,134833.99075792608,137449.93130700322,140036.05144753458,142495.7439352597
Australia,19145952.600818627,19338671.84829826,19527343.720142297,19712713.706654675,19896135.11497627,20079441.078303576,20260805.478491142,20440335.854736537,20621868.81680944,20807875.246588267,21000222.120146133,21200478.99026923,21408394.678896874,21621402.191753164,21836365.488354318,22049876.638672844,22263306.529355794
Austria,8027124.943280378,8046757.698689553,8066130.732181389,8079541.256432189,8090059.954756603,8099336.435512907,8106454.098935886,8112692.576521429,8116900.765516138,8118391.763724473,8125790.159831723,8050184.634669393,8076526.114565039,8107873.820213266,8147767.5795831885,8210447.0857428,8279560.86776991
Azerbaijan,8101971.048114831,8174148.306208307,8239683.425931232,8296851.655442674,8350248.0564349815,8395974.257636176,8434910.210789634,8465461.837284401,8492067.311332362,8516650.38486474,8544195.687583597,8573791.79896873,8608933.682194056,8644969.295643887,8682917.17230572,8717238.811043475,8746528.108634254
"Bahamas, The",298769.5959040154,301964.6168781175,304832.23802221066,307269.7366903841,309497.85930909525,311302.32888920483,312723.08286674233,313684.53406258055,314434.28050509724,315095.7180611564,315945.1248200729,316941.87481050775,318263.8445280209,319663.1344820233,321182.31479918485,322526.13761689316,323620.18078426423
Bahrain,649725.6150096697,666356.1599203427,682686.3211781015,699286.953561296,716575.003164344,733905.2263113759,751715.4879858594,769510.3921554442,787332.0065226867,804765.2554522632,820946.3868866332,845442.7001860368,858119.679387074,869621.607649388,880237.3554183342,888126.602053205,894918.7376604041
Bangladesh,131757926.26957832,134225132.6130881,136640885.00228113,139005521.07955238,141481012.94681275,143894166.44424298,146152787.68771544,148267348.95167577,150396461.06515586,152580071.270566,154751946.72777975,157175009.0192995,159591286.2342921,161989734.70114654,164340550.87033606,166603193.4273365,168808032.87033385
Barbados,269194.39695672545,270050.42194058077,270908.7456525379,271782.41862235253,272601.3332640337,273473.7136886607,274454.50623469293,275528.6034149211,276589.6452046638,277587.22547027573,278537.4703576436,279287.1574880132,279983.98329820787,280643.6520917769,281298.757617037,281981.99935998546,282680.9329428812
Belarus,9981505.932736784,9918683.489308873,9850119.684037685,9780101.867381282,9713624.96042997,9649549.16562524,9589742.504289668,9542067.04270672,9504938.200836949,9473510.407000646,9442760.099203922,9414579.689975161,9394236.6582045,9378027.18698549,9363064.604855964,9346524.733299254,9329990.967118345
Belgium,10239822.366604956,10254698.461396832,10267400.56248181,10273508.928422328,10279473.283276536,10283453.24966558,10286585.23110877,10287562.671530474,10285346.252844933,10276353.577131791,10266941.800282173,10195931.613427415,10189655.568658974,10182767.464930367,10182189.899608683,10195947.723436981,10212483.164418992
Belize,237358.11397038092,242418.4387309118,247454.97543179436,252385.3302048049,257242.58888863627,261896.2957809812,266353.1524765268,270601.0850511492,274770.9614232206,278963.32557319594,283327.92391906236,287856.77406592615,292611.83812533354,297482.31416191964,302468.8347736899,307439.7206402912,312353.73860935855
Benin,6879289.947838717,7088584.102597179,7301105.219906257,7515082.119986752,7730274.17617574,7945072.845260737,8157689.058151523,8364874.338490531,8568451.994854948,8769921.392227964,8969935.90461447,9170402.113460867,9366482.074035745,9560194.31191113,9753347.031587726,9947273.789898084,10141896.42569801
Bermuda,60418.795478568725,60216.82730557421,59934.29614162958,59541.92502513239,59108.494112826964,58528.30619436211,57828.73630724061,57048.17749910382,56265.30639030082,55517.99272990086,54883.73578432979,54364.15804834823,54042.293703269876,53809.442692426375,53649.761828082985,53447.36437612722,53173.386362357465
Bhutan,537101.2302087048,535044.2201877245,531478.1283419579,527249.4783529195,522957.86641792976,519595.6681573773,517165.3540054221,515887.85329516896,515263.46692854003,514620.970551373,513118.3450516105,510927.65614778036,508103.7421320927,505096.8767590987,501967.19231306214,499227.863889485,497305.97186239006
Bolivia,8335778.738189347,8491577.57343769,8646655.314507399,8799549.54543835,8948719.025141919,9094669.981531138,9236508.313978095,9371571.638998799,9500743.106594317,9625885.220326673,9748874.749854147,9869194.756833818,9985147.810626112,10097971.992391659,10208673.957239574,10318112.310956847,10425986.367090076
Bosnia and Herzegovina,3471394.6693140157,3338049.7361093527,3190482.4954255177,3035033.6987775974,2880586.647019909,2731150.610574658,2588574.508892083,2455006.514829521,2327024.439266542,2197129.0271959156,2059333.164025412,1913805.527538443,1765121.549165084,1613644.4987357734,1461540.8388986243,1309597.8766059848,1160296.17884445
Botswana,1751839.9327105875,1791968.5119437734,1832612.7217030646,1873848.950676971,1913804.1727349828,1953338.5976992953,1991897.7832724883,2030178.2303358654,2067715.3693762878,2105128.4196312698,2141791.3815522804,2178294.377710769,2213348.690393018,2247929.7726702346,2281077.950989763,2313956.210530481,2346879.9862386044
Brazil,174977324.02161378,177429297.83597434,179844692.91938907,182203451.50048554,184362597.05823505,186418370.2252062,188427692.60828036,190419925.62358272,192322598.1322171,194165072.33002365,196032573.37219197,197756547.18521184,199521855.343701,201304283.65194964,203080325.11455446,204846330.92614168,206574005.78723168
British Virgin Islands,20787.1065607111,21209.781791318805,21616.66728747899,22016.263758788427,22467.311294380044,22930.655647060234,23378.789689630146,23810.71985818455,24269.76208399546,24756.882613339112,25246.224749615787,25812.420873355368,26385.60190079632,26964.362661922285,27544.86391770479,28116.027969223578,28692.44565299301
Brunei Darussalam,335252.5106203607,342979.81154871674,350594.2090222901,358013.3303972089,365167.177155316,372141.5181791232,378836.91817568627,385038.55110953085,390835.990460136,396329.3178339815,401638.056619265,406735.88532511797,411525.3992641539,416106.54605196463,420581.82506422314,425009.02284554683,429426.45274774835
Bulgaria,8025041.573232936,7933243.352391448,7838193.788931182,7740589.956221063,7629663.999013992,7517097.387752083,7409653.9288234655,7309759.470597516,7207692.87237775,7102302.684244283,6999004.565781073,6880363.20203137,6765810.242138753,6653288.185515897,6541444.0293979235,6430493.545119316,6318119.943076691
Burkina Faso,11528362.13552217,11824229.688097946,12124172.591550574,12426561.461526666,12733154.291576788,13039805.302506838,13344015.287003942,13643140.894983362,13940072.887823313,14235860.523499843,14529557.855663575,14826040.511788338,15117723.63792554,15406709.080440897,15694859.95275338,15983414.978741467,16272557.159135077
Burundi,6444662.05880409,6541400.305455053,6633213.500110564,6719451.884433037,6802771.710880402,6879782.839834804,6947621.0852935,7007086.537180181,7064538.65265217,7124632.732381128,7188882.4339286825,7263753.230017878,7343507.39816675,7426247.0889979135,7508865.857676428,7588497.199292297,7665677.820188053
Cabo Verde,435159.37115067086,441337.7134489882,446545.4963312145,450804.3937909471,457469.1464718616,464360.3234061483,471413.78432405327,477811.5014164097,484750.2593834283,491188.1834154728,496765.6098680506,502696.14618204307,508491.6530711831,513505.7105449385,519173.3557616624,524461.4242311823,529421.7476959659
Cambodia,12300486.971216403,12722069.214113556,13204164.417442672,13744453.368565924,14360271.166892089,15017938.197444282,15704881.297074832,16427743.703727402,17214308.995371006,18078629.740037344,19013728.227350764,20062405.955385022,21176375.29004159,22336762.97346308,23514855.183220528,24688040.105430804,25850331.045149557
Cameroon,15290227.952055061,15660623.589204635,16031717.512055185,16404113.029890776,16788533.302267395,17174232.076331258,17556486.44050213,17934819.605546955,18314708.44481176,18693185.759302624,19062314.008769467,19436504.073514175,19800996.93530399,20158404.696689125,20511749.47612855,20862218.732854526,21212248.589330014
Canada,30916176.776302066,31181079.32927182,31429446.04264417,31660336.806117203,31896648.53564633,32129232.24097069,32362953.189152543,32588498.175448403,32811824.747198954,33024270.57830284,33232561.033819526,33429634.764244076,33631672.80959114,33828672.69910693,34034564.35057987,34236606.912955135,34433334.78476891
Cayman Islands,41136.33129825321,43020.213158777304,44890.63442502488,46715.520673587336,48464.890786848235,50162.80743715257,51785.59889994777,53252.8874585451,54574.71355612873,55773.78513098782,56883.86559792381,57885.32187830689,58744.32387563758,59517.088808195665,60264.85327191732,61032.81885117048,61827.90480846111
Central African Republic,3753575.811492523,3836665.2118856288,3920186.947328104,4003846.1375332978,4087896.5293542705,4171153.2827818384,4253394.31044197,4334707.490837577,4415390.28598609,4495530.699622701,4574763.291509163,4654016.969884463,4732123.987654811,4809331.026935297,4885838.186644311,4961861.6698601665,5037273.717692761
Chad,8212440.351954279,8465073.690696005,8724151.083042478,8987373.42524274,9251823.671110298,9517518.748276979,9783369.927657425,10046272.616671719,10307508.260419387,10569820.846380178,10835816.41441378,11104830.493423712,11374314.831805881,11645341.086157355,11918449.370714389,12194212.644012656,12471816.121193629
Channel Islands,147759.32244310348,148212.76788354252,148596.25740507693,148907.4424428356,149151.26200840223,149346.01360968407,149456.81785481842,149490.80877892303,149524.5077764387,149620.18248342912,149825.57764971192,150172.26132355933,150656.10676845387,151239.60669534557,151874.6217286001,152509.56518115435,153166.9971668381
Chile,15302439.336964034,15483526.704348605,15656349.563456055,15819038.504030794,15981159.880581856,16136969.693247542,16288230.046492267,16430865.456410497,16569288.022773009,16701225.534822185,16831552.596556157,16957286.730235904,17086220.473219827,17213200.621069867,17344725.928130154,17474160.728444915,17600797.727786377
China,1260515421.4392996,1273031461.1504526,1287483955.5940256,1303985234.5754366,1326354720.8200426,1352059045.6575508,1381513048.526267,1413592912.0911827,1448857903.8932858,1485282833.0558872,1522117281.5832767,1559946189.5978346,1598701488.6731834,1636975223.4435272,1676030864.1972609,1714156821.514247,1750835234.77742
Colombia,40426934.84525408,41003633.39905502,41566266.03424358,42108208.864585906,42612408.61748871,43084823.14716776,43525261.34945649,43936511.22618997,44323478.81476104,44701333.614049,45086706.86828664,45469768.62674439,45862413.81835319,46259198.16958234,46652486.4377839,47036951.02896662,47410983.3916644
Comoros,544785.3720159463,559262.9552964815,573729.8574729005,588097.0123683608,602626.1017878766,616994.8114721435,630984.6917924616,644330.8835520826,657243.2272617861,669716.4720257998,681591.8678329722,693308.1794215234,704214.5622035939,714549.3216028358,724559.0808770598,734408.5350412363,744155.6660134837
"Congo, Dem. Rep.",47592240.12316953,48973355.58041249,50412444.85478108,51886964.5402358,53362210.90340252,54809742.29005176,56225593.001931876,57623819.16239233,59014715.80650419,60420040.428956926,61853632.22224717,63319173.21682215,64809987.17694116,66315110.83030604,67817873.61537834,69308289.4767774,70778436.5253497
"Congo, Rep.",3205779.1526848623,3288194.6443800516,3370759.7741508232,3452552.4443393163,3532595.9327243455,3611240.776108066,3687849.937539601,3760702.9848375693,3830312.0324620665,3897617.4238864165,3963663.7015463444,4028107.252220233,4089994.191210924,4150249.9041287284,4209758.716444371,4269180.175499987,4328508.547839529
Costa Rica,3931329.027703856,4012324.932687221,4091996.2045159517,4169641.496993928,4247688.381300719,4324075.551663087,4399691.107514652,4473447.733654336,4546101.181386518,4616953.66816479,4687312.268965874,4756088.749881129,4825355.313798887,4893751.476255882,4963191.848868337,5032043.339711654,5099592.597190746
Cote d'Ivoire,16840102.34550856,17318296.17936173,17798580.066920586,18281047.382012494,18766245.7053134,19253271.69734481,19743663.612998694,20235689.992352016,20723110.53367138,21198578.73109384,21657168.40697602,22095891.94124049,22516665.08110881,22924480.380530052,23326985.639634773,23729818.12514876,24133389.72996311
Croatia,4464118.670385333,4432527.833057499,4399384.865478965,4365549.634823417,4329031.048062836,4292301.8574481895,4257613.678756049,4227117.799963146,4197798.10004282,4168454.385359994,4139473.0176922036,4106699.87667029,4075937.0650159856,4046034.850865538,4016130.497252318,3985901.9591320558,3954791.902692916
Cuba,11082318.976666069,11067642.46387309,11040289.567849996,11002908.927101301,10979962.605324904,10961579.277449341,10954711.940973306,10957200.431583034,10971048.331507446,10982562.182474023,10992355.191549929,10994705.187598823,11008730.5110848,11023262.150030965,11049836.297916235,11075888.177244289,11100761.114841813
Curacao,140840.73621820402,139455.7691311483,137865.17136642797,136048.30848338123,134262.96166891878,132381.6596993234,130470.49366436288,128439.57391807373,126396.6044248108,124314.63594646176,122320.58394030744,120352.24911149143,118568.19121284602,116803.79527442373,115148.9514753372,113409.27169103216,111529.97944767267
Cyprus,948460.3364133467,969604.3177494404,991742.659106301,1014274.1097835985,1036412.9621231663,1057938.9964880038,1078525.2195932483,1097789.4659519375,1116164.448757146,1134323.4876845204,1152856.0522637065,1171752.8023939054,1190595.9138010368,1209453.619182332,1228282.6602327242,1247050.0794053362,1265700.6389485653
Czech Republic,10259143.210799646,10247583.556013452,10234486.960133748,10219495.113816032,10195654.176689576,10169812.3571791,10145660.104542324,10122952.474835102,10095918.928399168,10064329.242285365,10031867.022838693,9988020.651255038,9942964.891196458,9896709.693664238,9849670.959660493,9803065.249810398,9755242.994512014
Denmark,5320595.875174297,5328103.144628484,5333065.367877305,5334794.623009866,5339844.778596857,5344506.691047458,5350871.297437364,5355973.888772726,5360311.737828753,5360013.50977469,5356399.523852939,5346646.310490511,5336066.373817086,5322434.99063698,5311425.736166535,5300211.876710622,5288047.807830188
Djibouti,695214.9954598136,705500.5987352049,716388.0960789872,728810.728281701,741446.6211427604,754928.8234400647,769083.7818509825,786421.3851241022,805825.4861082421,826793.0087257652,847359.6133440034,868533.9909428717,889923.4362722067,912022.3737615375,933242.6866737558,954527.4005601923,976536.8628129801
Dominica,70377.64796690164,70119.43085609756,69808.06570634023,69403.4187145738,69009.00850067983,68535.82218965433,68055.3287896479,67490.07683536921,66797.73105610824,65853.2338338409,64688.356525708325,63172.197934121825,61492.08309301587,59627.368345283554,57769.77534220177,55893.55041824009,53978.414383808195
Dominican Republic,8571627.369531855,8698278.710266959,8820634.550468598,8938452.531841032,9056139.102669012,9171822.73626129,9286535.997574948,9398421.77951939,9508451.481509145,9614941.513132993,9719178.22764093,9819683.314132582,9919537.68331045,10016914.46602248,10114630.680535682,10210375.609714445,10303709.467176229
Ecuador,12644571.581603069,12884505.478350446,13123171.57871256,13360374.37033702,13595993.581662625,13830008.145341877,14062047.809735555,14291947.852353074,14519820.047760908,14745482.368969444,14968860.456926536,15189897.3300802,15408729.459103566,15625669.808914252,15841248.857315943,16055667.107789155,16269311.163619176
"Egypt, Arab Rep.",70188414.42233136,71509828.20314169,72831271.50403956,74139097.35370415,75377379.05692925,76552876.66683069,77642709.73869604,78668974.40019032,79652465.88103744,80641241.81357697,81649467.92043504,82700497.91801795,83763494.98796675,84845392.15879527,85908553.61389121,86960134.41807762,88007821.85203204
El Salvador,5910846.215664311,5971345.269694995,6030296.488204336,6086146.3740219325,6138827.748534746,6184797.691031989,6222450.655169234,6251497.074795412,6272157.683597992,6282505.370644953,6280336.103628761,6267903.496201314,6243340.240063701,6209433.99015858,6170077.121721155,6127804.244238025,6084468.171031958
Equatorial Guinea,598301.239257108,616272.2890150386,634172.6774753972,651154.4381391758,666718.701607646,678926.06030954,686366.8296091785,689918.9131235089,692092.9669858129,695373.5056261462,700308.5758338079,709940.4971059915,721151.811725074,733634.4184432796,745768.2505762368,756975.2373467775,767432.1955403993
Estonia,1319042.2776050507,1285249.2333528076,1250386.9825772007,1215842.421657423,1181136.8085867797,1146761.0032771437,1112654.002810901,1082178.1124762807,1054640.683764397,1029481.3315121832,1004673.9566361483,981590.9093332365,960498.6924445832,940979.9606334313,920742.0047384428,899820.8950300708,879043.3740347074
Ethiopia,66793976.73061242,68609663.4078013,70382518.50119272,72103625.50879502,73995966.33139868,75897546.77663389,77762205.83052775,79514643.231166,81270647.72993533,82984651.82594363,84618629.08838233,86317465.56086084,87954613.69158028,89518401.53902668,91105155.06850281,92667762.06698143,94226766.84098506
Faroe Islands,46056.40323067421,45818.56773539866,45515.544888286226,45174.682416804666,44793.40594599657,44442.60681695484,44153.62410524176,43923.54685415726,43700.60724515047,43451.90876722291,43178.069252133806,42809.07240020271,42426.4627495635,42036.01648943432,41653.69554781817,41293.45603073558,40954.672625324994
Fiji,809306.3020992054,819377.9700478223,830934.9843824421,843682.5492816601,857777.4909413104,872672.3443806652,887920.6085104655,902859.1295870898,918115.6753803809,934193.0793368096,951174.7781594963,969840.0745368922,988579.494622735,1007183.5683705212,1025142.559191533,1042101.165030934,1057747.4882811783
Finland,5188302.767006334,5201287.056767918,5213064.738243207,5224170.020451851,5238687.989543464,5254195.741155686,5272674.048801483,5294446.428853443,5318793.598674144,5342804.448396714,5365965.417442935,5387029.2323942315,5409440.945483794,5431306.90061534,5454601.646568831,5477526.913246769,5499287.891858093
France,60316886.45149886,60318104.974773936,60280728.11861149,60210346.28732938,60188135.36790811,60176144.58945358,60202867.743539065,60267921.063433975,60371764.61490076,60468675.02371161,60563703.93120515,60588038.87283968,60706569.03178393,60826769.91342179,60985053.64563466,61147841.40381156,61297309.0016597
French Polynesia,235394.04644258757,239164.90912253823,242900.70714597788,246607.4291674655,250091.13695227331,253452.13975036234,256612.64110453828,259653.4563898999,262581.8624908186,265519.49597346125,268442.0011504722,271434.8503028661,274353.28702117887,277263.40627923363,280014.52876081143,282684.47065128596,285311.8607635478
Gabon,1227249.9791069955,1255554.0260594143,1283998.7719347784,1312643.6455977405,1342519.8818963005,1372612.624352364,1402432.7334662639,1431955.6182907394,1461808.2250300562,1491789.9463393497,1521199.4887765746,1551467.8164997401,1581163.409050124,1610465.9041728054,1639571.2040145267,1668505.6371323054,1697521.518582068
"Gambia, The",1223829.538848802,1253835.1499838405,1283551.6922057564,1313663.825274916,1343654.915397408,1375958.5504078227,1411334.1916180975,1449918.8446077104,1491709.6144688497,1538044.517961835,1590631.3905457999,1647720.7531008604,1711048.0186291947,1779006.3943076967,1849438.9747986724,1920836.811675861,1992393.118575972
Georgia,4341209.234377964,4271780.417694317,4208686.140599935,4167113.730093575,4125919.7627462335,4086326.501125006,4048327.2762599066,4014150.3204072975,3980919.486380052,3956975.582209682,3937299.637175706,3923005.2057810295,3914139.973327091,3906510.8284669006,3872169.068186581,3858204.3917878997,3839256.488811234
Germany,83276375.18028031,83422691.92101155,83497578.08343755,83499685.40421186,83667080.25643446,83859793.05554909,84090931.70972238,84292861.95281154,84543702.6445558,84765127.06074895,84958461.31361757,85165242.96151564,85406949.5989897,85618679.53389196,85911389.65588878,86192796.1007619,86458734.33522937
Ghana,18955538.18148361,19414072.511275023,19879587.506253548,20349111.38581983,20810867.903963886,21265226.38527201,21708507.55949337,22145336.54275348,22578701.466110088,23017697.06286546,23464705.836053237,23923756.509576164,24388368.916871972,24859826.913571604,25330512.366875812,25802007.831880644,26274689.121169336
Gibraltar,30957.230181442617,31004.29978732588,31015.09508600428,30969.919716278942,30986.455615213104,30969.12904555929,30945.58942171905,30865.3481441561,30736.0043842026,30478.538862620684,30093.52778990844,29557.567976827013,28932.481519515895,28199.98046328962,27478.643560672943,26739.658760948987,25975.924435743407
Greece,10831423.41657333,10886698.720716171,10938007.907289943,10985273.162518233,11025310.965591006,11061734.621565491,11096654.72575035,11129503.512373118,11156190.785247974,11175270.827042935,11187764.446281798,11187790.788023908,11181064.956769343,11169119.894954134,11154285.068954105,11138814.602593206,11122263.358960964
Greenland,54970.63159212672,54354.86999004315,53629.60750420815,52794.8654148287,51968.895427534735,51075.108130896144,50137.36162304788,49181.46620546526,48273.61919573913,47396.862861858564,46594.79059659378,45863.8581846341,45313.23787848328,44840.37010298675,44457.94812762449,44051.757701676834,43621.0754052687
Grenada,101552.70843093557,101827.63137582279,102083.60916163382,102290.29783604454,102434.81726903847,102418.69667262603,102271.9711231459,102078.27984279787,101877.92168451085,101735.77544635546,101703.10692287449,101798.30741145666,102052.01507944216,102385.03889846717,102731.96355778225,103022.92240991618,103212.25919967616
Guam,158551.75034615537,161312.5925886312,164050.40052319277,166746.1600430013,169377.26732867095,171930.64242311666,174391.85693066032,176766.7261251876,179080.76704254933,181362.7698026352,183635.05177126802,185906.37258269964,188174.48836615367,190436.4674288102,192687.3554661236,194920.52205247665,197141.7226218963
Guatemala,11563579.65477737,11792749.90480095,12022325.26737528,12252218.319108605,12482281.13690827,12712397.893034916,12942521.30039388,13172739.937692653,13403319.110079711,13634733.879018128,13867264.085553173,14100935.073223498,14335449.407941936,14570378.05478565,14805099.49187386,15039141.342234898,15272225.341851683
Guinea,9227564.975756615,9560343.63980342,9909791.399352986,10271623.869247813,10656007.451585881,11039771.45925581,11411601.007380474,11774338.546242654,12146364.637261469,12533816.156935476,12931051.623491015,13366233.251113217,13811347.549971364,14263952.042918399,14719297.57846973,15171650.295498747,15624220.002342936
Guinea-Bissau,1255374.5793360122,1281945.7026489344,1309612.8431238364,1338390.4608630105,1366814.954278634,1395545.0150708542,1423890.6388988057,1452497.8466920224,1481578.3839061519,1512003.8731097397,1543556.576687931,1576997.664299062,1611208.7175051004,1646624.164926778,1682098.622488684,1718100.5958948699,1755036.0198691632
Guyana,763864.0182240068,764282.4700341774,764156.6960999416,762888.2903950228,761762.2646426014,759447.2705912483,756954.0605982176,753265.0180248728,747672.4702163753,738444.6803257954,725920.316664974,708337.3617168653,688119.850081024,665105.8233803934,641954.4721621685,618472.295261113,594315.9191580084
Haiti,8560530.208814196,8709801.59200827,8858615.408890136,9005584.001551978,9147560.664544098,9283903.7081789,9413579.666956428,9537717.965928491,9657762.823600281,9776764.796886798,9896202.124604538,10017115.851063814,10138118.554518607,10259301.479829393,10378958.905536909,10497181.541286979,10613940.876054037
Honduras,6517791.905147368,6683872.9090125915,6850533.918997392,7016387.568581909,7179834.449267801,7340802.312614763,7498635.178092686,7651552.079463368,7800042.90962836,7945368.622071847,8088827.196067492,8229968.366014723,8367648.930206247,8503025.003990073,8637183.276241885,8771038.755713416,8904379.374020692
"Hong Kong SAR, China",6676641.747557731,6781876.959384771,6895175.369466126,7015111.676484173,7124450.382758966,7225479.733007487,7309349.42015164,7384030.716910617,7451440.176437015,7520696.051212508,7586224.446452053,7660833.980195884,7726415.029465143,7791100.899369897,7844061.46378934,7894166.640717203,7946214.570834264
Hungary,10168503.418051174,10132474.409991316,10096337.61325878,10059662.304153716,10013665.59571667,9966983.78097279,9923856.430026097,9884023.894640435,9840579.404794736,9792835.861960568,9745155.853829656,9684596.593231134,9624072.369385721,9563406.581890356,9503065.466441717,9444243.924360774,9385423.615499623
Iceland,279556.18395514146,281654.5177602077,283607.93421447003,285376.10357560986,287085.3643391528,288632.2096719593,290050.47788730235,291292.97064974165,292449.0096480803,293540.2876813726,294677.0359124163,295823.59848027525,297076.66261689516,298328.70811907836,299628.2634274028,300848.23296440736,301948.283348079
India,1053580683.6172444,1072757331.6903538,1092161484.8436823,1111864926.4495592,1131962163.228177,1152532289.0033717,1173570168.0241542,1195066735.1871214,1217062346.1966348,1239571008.5626569,1262594895.0135307,1286156259.335165,1310231962.4397674,1334716558.73422,1359475162.5550966,1384393875.1790771,1409453838.11794
Indonesia,211822276.17067605,214704572.3683129,217525686.05362162,220294075.52972808,222974491.23239785,225601965.2269099,228154132.17986095,230645789.2909191,233079652.23907876,235480167.72243842,237837798.6986103,240173516.3318155,242453694.07148093,244694664.1271454,246861344.12663442,248971373.85782793,251039817.64962822
"Iran, Islamic Rep.",66714817.66264688,67857319.05780287,68911690.53044844,69926766.64023548,70934509.13171878,71999596.32725456,73132494.34822002,74325095.2416285,75522753.98965213,76676646.00728232,77730864.29162905,78680941.38746127,79517926.4972552,80293264.4847106,81033699.64081863,81797853.9754403,82597794.89231461
Iraq,23547003.315875713,24243337.15132237,24936213.47944962,25607522.942870926,26241621.49234475,26846556.464848902,27410605.528421875,27896747.863675397,28321168.518272687,28710395.05412207,29092696.216257047,29461939.47316313,29796808.668079298,30109020.606347818,30409265.299157124,30703254.500425283,30986992.34529883
Ireland,3705393.7929754737,3723062.8738090373,3741471.3654484847,3762343.863980344,3782217.451073184,3806589.552503574,3838955.3133169976,3878177.751006896,3918030.0542352577,3955153.1682870337,3988785.6982028387,4021269.412945024,4038142.0764936698,4052009.434764451,4064475.651207809,4075788.8453654465,4086925.435733942
Isle of Man,73319.93830574316,74160.59231799311,75109.39557369595,76209.1194490653,77520.24672516534,79102.82925455741,80934.94155038052,83011.97598068247,85384.17700674184,88059.30172419711,91044.90619848235,94368.09166529548,98035.2006037806,101999.53009318642,106208.04617274753,110601.26481485469,115209.10145806754
Israel,6283359.407891776,6435982.530209096,6592754.943911901,6749533.4337833,6909424.093985196,7064305.060348257,7215759.610066017,7361731.543108504,7505431.221099621,7646566.60249164,7789781.833665863,7932466.776681729,8079563.081344051,8226049.073802669,8375365.592230268,8521698.086177852,8662849.537593452
Italy,56907132.37265865,56872344.60893821,56822028.84661441,56748490.85779004,56650851.17193253,56538229.177658886,56435714.41998741,56327189.84048903,56189804.71860123,56001363.677254006,55784155.73107158,55477333.48182164,55154024.50002065,54805329.607537985,54465638.970846094,54128015.02398675,53784010.46320478
Jamaica,2643763.5991002982,2664613.0180428866,2685396.1694210125,2705920.53667769,2724486.152637031,2742399.8655306743,2760491.24131124,2778815.683189923,2796272.2898783367,2813190.933915657,2830595.4580844836,2846272.5472461907,2862216.466913427,2878110.287722676,2893551.6529153716,2908507.476875365,2922353.9328421867
Japan,125637208.17196952,125995416.93276148,126588565.53644346,127420646.08287041,128478443.51551579,129747242.77650945,131237382.38355456,132954693.92238338,134881082.83987886,137003569.5514776,139303164.20420742,141775079.75242388,144393463.05686903,147094075.2003563,149792289.01591384,152430465.50829554,154967767.00567472
Jordan,5298481.7353569055,5463565.918979951,5630485.094367439,5798339.664649447,5969050.669321552,6138981.169062643,6304923.821233677,6467627.453041978,6632803.464563593,6803304.437071436,6979506.822366129,7167469.714861369,7362179.158083869,7562390.146232,7766282.112758452,7971517.789656131,8179633.278477101
Kazakhstan,14462814.506022476,14085453.09885592,13691928.557093069,13299861.270035133,12936515.427901119,12590833.146393515,12276856.1255223,12047479.169672154,11885823.419199824,11760771.21640031,11648554.40959289,11464320.65373151,11435675.464376263,11437820.253179587,11456052.491977587,11491499.188336194,11531633.098105095
Kenya,31448357.608659074,32297304.986099973,33154012.704522405,34018505.36030249,34887490.76333799,35754070.306366205,36609148.387222834,37457679.554625526,38302961.87332428,39147629.87329893,39979744.30971026,40819168.6596229,41640439.874835886,42452906.22395155,43252444.49924262,44048202.59260335,44844425.80920019
Kiribati,84252.65549714872,85464.94564182765,86660.6183879615,87799.17615039574,88861.52413730667,89840.70910436095,90718.4572966597,91511.4863077683,92249.82461633583,92977.45569389817,93756.7081071114,94285.47163051259,95212.82171813617,96181.57075739882,97180.1466679133,98244.6005907199,99317.2829360769
"Korea, Dem. People’s Rep.",23080872.49419728,23309712.453418586,23527153.912250824,23731779.464755416,23923852.09297078,24109416.619602017,24281398.049585845,24432913.387082096,24572677.00048938,24705387.805665426,24836429.363874253,24967561.733161677,25097113.085623395,25226107.26376009,25356082.355118982,25485141.546912536,25619200.08313485
"Korea, Rep.",46976605.35227229,47261390.86221372,47507509.700954705,47709948.49414676,47894920.53089453,48055993.98377306,48211966.38555525,48347202.829276755,48466411.079202846,48564381.66410388,48670317.20527285,48749967.01641801,48852519.62967166,48951359.0644861,49063291.61960157,49159405.307457216,49227113.88703711
Kosovo,1777083.7919041677,1731739.4006133317,1699439.9296366703,1678329.8739088136,1655619.8404605854,1628686.661291873,1595239.6465025279,1565307.1448901775,1537786.25504788,1515114.9808945563,1493604.0351476097,1477373.6606313256,1463329.7666384182,1452546.6037403136,1437970.5071315928,1421884.3230896886,1406471.4063258744
Kyrgyz Republic,4820295.414570504,4850731.186366177,4878027.242897982,4902528.932535138,4924565.310814774,4943173.973696974,4958275.680234028,4972666.576189127,4987718.726278139,5004458.0240056375,5023180.291062549,5045143.296218527,5071369.583950859,5099833.254425548,5128215.38337926,5154572.733990204,5179199.821236696
Lao PDR,5414695.758351694,5537537.03481939,5664997.722848019,5796981.595352865,5936636.257073679,6079819.405696423,6224325.102082855,6370592.404881491,6522343.085400351,6680438.5654044645,6843286.031454126,7016823.625115921,7194998.753993501,7376559.562638211,7559595.150789133,7742151.904134019,7924636.633105353
Latvia,2315881.47641164,2266084.3804046633,2213281.205228075,2160139.3105217763,2108443.259691856,2058825.2253678013,2011998.1487173392,1972145.629692635,1937955.2613225621,1907230.9182778485,1876851.8972961474,1848135.1342731789,1822762.2407901022,1799708.210548507,1776932.1130525884,1753987.6361047905,1731861.0368297147
Lebanon,3211331.8058366333,3246645.8123589824,3280854.343936168,3312505.758333118,3348797.2456371826,3384526.196030854,3421958.341859775,3457772.736143612,3493362.4100538236,3524871.429342222,3554597.9799484187,3579328.4090808197,3605368.7484157938,3629306.827936307,3657272.566004582,3685028.785645543,3711540.7816290506
Lesotho,1891238.2796541716,1923321.9873713057,1957438.285626087,1993540.924580341,2031415.1732496878,2070838.1223637497,2112057.697066445,2154917.9106384506,2198784.925217732,2243201.70550114,2287773.898673108,2332208.896233596,2376265.7414070647,2419808.881769588,2462628.7919646073,2504716.5256912094,2545600.0549616553
Liberia,2522244.2735877363,2583137.501059481,2648487.6915434627,2722615.0243621273,2794246.5177885843,2865883.773397875,2942418.2213254916,3021962.5693197222,3099453.35994278,3173850.7007882325,3239123.8934141537,3381164.659045144,3409080.705706856,3429416.3570695324,3441196.9204749176,3430531.283270656,3413816.3653817577
Libya,5410818.353164574,5513370.044614295,5617096.383499723,5722781.360537885,5821169.699398033,5917477.810017476,6008358.843012156,6097583.762476856,6184001.878198072,6271868.951444423,6358620.63873115,6447962.925239429,6532981.313930014,6617779.971623162,6695970.599162709,6772422.543314572,6849082.146171611
Liechtenstein,33021.37114396196,33440.56030314053,33870.48330374768,34303.14446564509,34711.80937992718,35094.57871010328,35443.7506452528,35767.52552983811,36066.48797584632,36350.42768229701,36618.64674422725,36877.092564061706,37115.83500670115,37343.21332885295,37552.90435926824,37754.32575872517,37951.90742204322
Lithuania,3489754.826536565,3450102.7883867435,3407597.1162306983,3364522.405301797,3322712.2030903623,3282070.2925229063,3243187.5830888543,3210551.401071808,3183745.052171358,3161230.5729618343,3140619.71767473,3123405.683413224,3111558.4947553007,3103031.7056630515,3095129.757145525,3086272.397309686,3077320.516116644
Luxembourg,433770.4380611117,439001.3502958253,444545.4047821987,450183.98807580804,455953.41376331134,461482.72373715637,466801.07340239466,471859.3356747456,476856.3736240951,481870.44021110237,487146.4664116603,492610.4267251489,498432.09927000245,504363.7124335007,510466.2465697356,516453.48025955434,522235.859966918
"Macao SAR, China",429785.2167361341,437219.1980998088,444190.2579665319,450082.0361607262,455159.1898435213,458261.22585708095,458529.97547069355,456328.5817609943,453336.61021971505,450843.0974936801,449524.4361088955,448890.93810137233,452033.7872720611,456156.8137089588,460633.53730142,465174.4061179233,469582.9208041649
"Macedonia, FYR",1983616.2477423016,1977823.1436627444,1970775.2626103135,1962327.8429067566,1950908.9788471772,1938057.8888661987,1924403.462354243,1910016.2208314156,1894259.3299046545,1877822.0145491292,1862032.8122597032,1844854.74415678,1828347.0300217553,1812052.5916151812,1795397.2797178049,1778118.6320059418,1759814.6700013794
Madagascar,15620111.689420551,16059295.399006175,16501249.430158671,16939917.773304027,17368578.605708085,17788567.974287156,18196066.131134424,18581493.395998895,18948663.783497047,19304508.498844516,19656130.89745847,20001853.628555477,20335710.003909357,20662551.396028128,20986601.98486826,21311151.186984513,21635747.54515565
Malawi,11135893.283885978,11301287.441541065,11441252.230964983,11561977.704048233,11710382.757819906,11869777.558504812,12043937.912956191,12221085.131084802,12412900.329724139,12607404.015432684,12802840.9314646,13007970.533895416,13221661.498225851,13431617.16071718,13650280.81787618,13861307.17560325,14061327.698315138
Malaysia,23086010.810801327,23603621.7766874,24125105.723288313,24647827.23756762,25167895.45674818,25681584.725927256,26188080.716001913,26690835.58688102,27193114.42167253,27699656.514977433,28213483.38186395,28736170.022131965,29267412.570054144,29804821.94178389,30345024.831026956,30885574.9995253,31425717.523663506
Maldives,283828.08795762144,290596.86804392876,297530.48270459636,304612.1291521117,311322.05674244335,317857.3188691075,324039.20211786055,330073.45099513675,335951.3328099352,341947.38718422386,347991.0096718798,354276.0449101784,360459.5284704685,366728.97809048404,372759.06521943957,378770.91951997846,384851.47294619016
Mali,10910523.05878366,11178775.03116804,11445030.745347079,11704102.88030467,11962707.526127024,12217485.390922256,12469915.214343593,12704655.354132012,12923585.89520247,13124901.579018421,13316027.515389977,13489560.283822306,13648151.473597128,13793257.255318455,13938765.969957337,14084068.019592062,14226125.099392228
Malta,397815.50330569997,403789.4045696628,410197.2670406957,417062.28520354617,423696.1783261173,430250.66467811516,436425.89673240215,442568.898688104,448622.5244917675,454935.4415937853,461173.20104138576,467877.8478096317,474173.2880644046,480453.7644987694,486212.13983163005,491909.45517352514,497654.9540567965
Marshall Islands,53943.609107598364,54555.57518146707,55101.45839362345,55610.143511333554,56058.29602926303,56505.902840945666,56928.55154732859,57355.626040663505,57800.74630466962,58305.95391978116,58862.76338583923,59507.359913604356,60195.890019230435,60930.582847751,61638.96780846815,62324.91978155087,63003.16123395183
Mauritania,2678503.7106764643,2746849.546708055,2814924.326785095,2882119.4480103822,2949638.747516853,3016752.313104895,3083830.947120849,3149085.209923557,3212649.719416012,3273948.3202329334,3333791.3251842726,3391136.1943439553,3446708.299593025,3500507.9552966934,3554488.475015262,3608406.8599458355,3661837.251535033
Mauritius,1180994.5241133682,1190271.890162191,1198583.4127572943,1205702.8273074348,1212708.9565765513,1219316.498866382,1226684.71350217,1234021.903550691,1240957.8587638782,1246793.8647014857,1252645.2265621475,1256496.356841797,1260917.2005260205,1264921.80455324,1269679.466309398,1274196.4326391416,1277745.403562162
Mexico,101906611.55490665,103385050.50386052,104850245.94186185,106308349.5635788,107763880.37269549,109200050.67332073,110621252.78059162,112059981.56850128,113504657.7394958,114929078.33579,116309078.47277538,117649120.39508621,118973719.18867375,120278296.0930296,121566258.48615225,122836952.61055811,124101288.92329521
"Micronesia, Fed. Sts.",112364.63966648761,113564.14591658613,114673.60768827723,115674.66533296369,116534.79252380694,117180.81405218664,117615.36145388044,117964.38817031455,118305.9099778083,118749.84226679202,119355.34593255553,120179.54667209968,121237.91600864686,122433.75508464544,123638.76987276116,124763.27230409131,125783.81123349609
Moldova,3608819.9321809392,3583186.479578442,3554933.5526377726,3525498.83018912,3495802.678675196,3465756.617758382,3436418.443627376,3411317.3299183585,3389859.213388212,3371064.003633923,3353932.007881781,3338446.470307041,3327505.5557031846,3318974.5264301132,3310770.2854628665,3301226.840697674,3290527.922116492
Monaco,32146.84236832541,32481.65876856418,32824.195945166066,33190.958814002544,33528.929000549644,33866.5734914327,34232.528964424666,34620.5146254375,35000.5002131285,35374.90354744628,35736.49462876417,36353.07633487912,36594.06006827012,36818.51227168052,37015.07682184788,37133.98078844592,37221.68900214016
Mongolia,2390808.524361765,2405438.370947535,2419386.2417668905,2433963.0800316837,2447612.092114512,2461427.29889693,2474917.7168821646,2491486.0039974367,2510421.076530684,2531802.7768550394,2553568.6141109923,2577381.8869679132,2602600.6326506156,2629361.826133594,2654853.352424958,2679690.824189988,2704831.443973327
Montenegro,608506.0875963374,609324.6228873839,610397.345593187,611739.2707871164,612086.3337545721,612352.4842034957,613493.7564742625,615936.1062670558,618377.1444389847,620671.4060371442,623289.4276075345,624341.9990265517,625762.5887818001,627307.5407909313,628739.083629133,630156.9113685712,630995.4983275469
Morocco,28977607.26966691,29344235.462174155,29701982.895907193,30053449.880680293,30400857.61977938,30738397.53259159,31069200.9142657,31405935.11939642,31747287.048440963,32091274.59034252,32433999.24721907,32778246.465103924,33129657.03423859,33482331.958333872,33830239.37919526,34169228.14280826,34498630.84865006
Mozambique,17855544.337445077,18358966.243660275,18911939.49207762,19510398.78802336,20104447.85713385,20690925.662601344,21264559.014342144,21856484.560405135,22442551.356002994,23017309.62802966,23553047.728668433,24059489.720959455,24522532.994818784,24966456.703288913,25382313.618453644,25802203.9174778,26234368.696105953
Myanmar,46093942.452593595,46672648.920328915,47248314.293715425,47816613.99979623,48310088.78653769,48762283.50073139,49144739.14875871,49473059.78563612,49757882.673795715,50050071.66646142,50353656.3145596,50695398.565884486,51022005.81017624,51354968.8279835,51645576.53597657,51916968.527578235,52179328.98856165
Namibia,1925848.1938962466,1979021.7169828066,2031833.6168047572,2084257.2880784129,2136844.9906395236,2189168.807939213,2240730.7925847895,2291484.1306759985,2342021.3508238913,2392246.6260840977,2441872.061097674,2491725.9836183107,2541251.633122658,2590830.7265820666,2641014.3567601503,2691997.645408774,2744328.61636114
Nauru,10430.229529416341,10532.172563523254,10630.913237980683,10713.445370092562,10769.756956635327,10806.548741779145,10814.502651086084,10802.371507355561,10775.80465206839,10748.27542914519,10739.298838655675,10601.188887117074,10648.502051747684,10712.95355152653,10788.433385014374,10900.876701400277,11025.248356633507
Nepal,23983147.25662827,24542404.121832065,25106143.67887063,25669292.331458688,26226082.273543637,26777242.242890827,27320157.19566831,27846605.28605402,28358232.704568878,28859476.350802828,29355242.413103137,29843406.80333011,30319052.223935172,30787072.24475458,31252126.51192587,31718025.453174938,32183992.37854421
Netherlands,15848076.680379812,15889555.307387507,15919270.55443698,15937344.210929312,15965701.344243398,15994480.785855455,16030144.638674662,16066500.141411122,16106811.586622171,16141211.73567795,16174005.533275677,16198454.35899178,16230586.643073853,16260369.230536604,16299953.201799573,16337544.150778688,16370604.287499793
New Caledonia,213193.6814814716,216825.53428655976,220366.3552622779,223780.3099381778,227202.69276614705,230651.31017747553,234065.51791064616,237272.0939043993,240415.2430639254,243492.35648307073,246617.97020381127,249757.27769509205,252983.28587524183,256258.7710560355,259713.16776521617,263251.07374398236,266936.0486331292
New Zealand,3910941.781144477,3952890.657627179,3993731.076552957,4032319.055485049,4074829.0522362967,4117071.5641961857,4160799.096012457,4203364.405753138,4246691.262905,4288458.411469573,4331214.488558972,4372570.187223386,4417535.158950342,4462516.63911633,4511618.967153348,4560468.028706128,4608013.259181032
Nicaragua,5055194.698233711,5144387.623768869,5232574.893963589,5320126.981164957,5407333.809420141,5494610.933434888,5582092.140665542,5669554.815772844,5756164.642296147,5841026.881041947,5923352.897554935,6002878.504303806,6079604.972341054,6154102.081055972,6226917.976343022,6298711.210653109,6369580.682141828
Niger,11216343.04032027,11562455.824883953,11908367.376381852,12249484.2167686,12594678.045217615,12938359.146918502,13283418.792322159,13616814.773472842,13940336.472140204,14250869.843126118,14555308.427286409,14846205.41401678,15128601.540936235,15401495.482577939,15678071.112643749,15955491.673399765,16230069.415484034
Nigeria,122013852.72617644,124885691.1587303,127763195.30714285,130628392.80952519,133474378.21392436,136293409.33037657,139072447.1544035,141770921.436908,144390399.83048245,146933520.38252234,149402638.0822912,151800963.44590864,154091454.85494384,156306864.07270622,158482659.5834063,160646773.1138614,162798469.65936336
Northern Mariana Islands,70542.07002520726,73266.97956461729,76000.87340102882,78814.90928831861,81686.81491536823,84831.13887360414,88308.22608337215,92138.70725716524,96361.299530393,101130.80042932603,106615.13742087841,112690.91384405167,119480.5429159148,126806.03339628178,134424.50876368594,142161.55575340986,149935.97500692843
Norway,4466382.618187253,4480961.987777095,4493627.452617155,4504182.892252798,4516598.275622012,4529087.317993186,4542701.868887691,4555787.901124086,4569027.561720739,4580562.582775369,4591354.677021536,4599996.881459102,4609405.295182099,4617981.919541502,4628449.9325018795,4638797.213940388,4648650.365636736
Oman,2438118.767866678,2509346.8083236073,2583101.162561581,2659127.174563005,2729141.770056009,2796184.6034603263,2857636.0662598754,2916777.5749268723,2973181.0240352903,3031145.748658813,3089469.997507728,3151133.195038377,3210623.488225535,3270999.9584790035,3327125.531110184,3382683.3110047444,3438819.699786656
Pakistan,139115513.75361878,142348494.21384314,145561412.6175025,148757290.2634954,152045240.5817458,155311753.77630335,158504510.76548612,161619677.26547658,164721783.79915488,167789029.98388267,170745539.3810686,173745001.75481647,176632669.66553092,179434369.7672909,182178953.6968428,184876760.84344625,187554310.02640504
Palau,19377.278722628835,19815.871487133336,20262.759516804934,20711.516707497834,21163.798848698658,21609.26938172126,22048.43076672449,22481.205207556555,22918.69959462948,23370.08148498416,23847.623743955817,24351.220169206106,24884.783804502233,25438.10841097561,26008.644978751738,26584.472351514607,27161.754487357906
Panama,3026691.054482947,3083531.469282833,3139613.795726287,3194262.3437751466,3246800.224615219,3297587.3129053256,3346028.025987275,3390914.6775895515,3433100.86634246,3473835.8905632505,3514282.436571001,3554385.7214972135,3593300.8069103705,3631342.305904898,3668629.1097979257,3705223.2108560028,3741084.7760718223
Papua New Guinea,5548660.5250075385,5681722.413615096,5814904.316822525,5946810.08856865,6075908.275154503,6202426.947573923,6325614.077245554,6443200.119691599,6555663.508546019,6664237.801755592,6770292.305603854,6873269.9083416965,6971880.198954949,7067541.176399203,7161636.1298596505,7255288.7345066015,7348355.483810058
Paraguay,5320850.529728441,5436248.083306856,5552251.538603158,5668036.9387331735,5780628.237583441,5890076.38375992,5995420.219467927,6097772.37579694,6197883.697013477,6298054.442847092,6398924.269721146,6501492.459158968,6604188.701354645,6707475.112193091,6809642.606200719,6911232.753578141,7012392.318795025
Peru,26109880.497938365,26526372.911511973,26936572.904578064,27340073.923792824,27732619.11846441,28116229.22945435,28488430.573478512,28850718.905148927,29204304.25025974,29552503.4886789,29895534.735835943,30235427.93592411,30569296.714754153,30898614.244698793,31220559.226765182,31536589.454404198,31848134.864126116
Philippines,77908424.51447827,79523648.31022003,81136464.4912087,82741957.7533837,84333731.71045673,85906946.53946385,87460234.45254898,88995248.16527224,90515526.82530159,92028262.09194583,93538455.69112846,95046786.21094522,96551017.1629144,98049957.21213198,99541074.18719104,101023011.82372856,102493652.2958577
Poland,38596604.79923395,38567293.85230726,38531656.155861095,38498164.93676098,38465681.887141705,38436999.476428695,38424983.11600165,38450588.75809212,38498121.28513725,38555855.07847068,38616235.311636165,38667466.72957762,38735456.62541078,38809337.64070012,38879411.36393269,38940133.10919511,38988055.65834583
Portugal,10229132.024513142,10296666.30204633,10369032.678633092,10452976.95123853,10518415.506030783,10582409.988691248,10661967.788899371,10754464.677702166,10840615.317907507,10921701.641889738,10997450.828823265,11178922.799197622,11191184.479671046,11194906.618489113,11184754.485058043,11139811.487005107,11077793.059296954
Puerto Rico,3821213.593700742,3847807.597670134,3873777.450323259,3899518.901880081,3923441.061146755,3948225.612003553,3975294.1793319336,4004300.1176341753,4032709.8105251216,4059514.2992468653,4085226.1242125966,4106150.9720341484,4125747.6880596527,4144200.7810995732,4161985.1013833275,4179720.653196816,4196917.842460418
Qatar,574407.8159696558,583761.9988964521,591445.5987504323,598178.8356353033,604587.4407312055,611642.3470897174,619422.6789801281,627848.96871082,636609.7190719685,645514.3982638135,654166.5230661454,662653.8801368705,670756.9982412856,678735.3425073219,686420.7399357297,694116.423732175,701882.0604802805
Romania,22279177.387046844,22157613.909617208,22023473.378315162,21877924.979243353,21714558.199384093,21546521.039317116,21376243.029019117,21201275.988971017,21015562.684050236,20816751.55098402,20608989.381878503,20378542.457400374,20140630.597974047,19895189.05418437,19643719.652819294,19386838.28922081,19125957.196636025
Russian Federation,148474737.06964126,148339308.60498682,148065650.55852377,147691380.76694536,147274367.94021997,146857275.98136497,146451150.54658422,146045620.49649465,145638790.55742323,145225757.31898242,144802622.21181434,144371069.70912308,143933887.75463066,143489122.06983733,143033042.22996172,142563227.28714836,142077884.713151
Rwanda,6707685.585306328,6667711.857684633,6597224.955638605,6520143.1138160275,6451347.229654452,6400182.344707577,6371698.965901813,6356860.089850228,6352763.640326392,6347534.004298632,6315817.407836691,6438769.8607570175,6340446.975763527,6225290.936528278,6096061.394797718,5926719.579772851,5754932.473142502
Samoa,173033.81862521372,172402.6105523352,171413.22372929144,170095.8958637206,169312.3035260938,168631.16656312803,168298.0230743702,168139.55621450898,168259.32000357457,168245.179496948,168173.85799625484,167868.7581801176,167867.96491769122,167803.95345843383,168116.11127986768,168380.35337475085,168502.3550267114
San Marino,27364.241951337463,27592.820848282186,27795.620873016058,27968.14342126203,28160.89460604648,28336.6399450568,28515.91061231027,28692.281348910372,28875.90809899826,29049.109074137996,29227.82804249989,29396.170961985088,29596.446328739534,29796.846133868108,30021.95885005215,30237.22470718046,30429.588202987354
Sao Tome and Principe,140100.42474347103,143352.95862338462,146660.4453577276,149938.71155322608,152819.60927694122,155508.1975260792,157822.25261805145,159665.14986247974,161124.99843868674,162495.68036894684,163877.39330243136,165357.81785597448,166613.51090562012,167822.8282061898,168847.1234044897,169846.69522147762,170872.8481413272
Saudi Arabia,21055840.32426737,21574906.52827698,22090891.52123898,22608383.968156725,23097715.601715017,23579092.44364218,24042252.405306447,24500707.909427054,24951894.18376042,25415552.35602951,25885534.190732755,26375533.11964126,26859038.304589838,27347671.169588424,27813960.53668139,28272484.82415557,28726507.40517144
Senegal,9915132.670205496,10161260.528460845,10410804.997437801,10663036.807680141,10914444.568505296,11165363.72953393,11414595.334966622,11663430.911637183,11912390.417149445,12163537.244228378,12417034.354313092,12673964.12094585,12932442.479252059,13193187.442695538,13454293.797930498,13716545.751466593,13980328.936714198
Seychelles,80660.5723293715,81521.01192375686,82320.01994575607,83057.82218919354,83875.95562428341,84719.87911249007,85629.9148122562,86542.88071292441,87454.9696942628,88265.88306829054,88981.83035083622,89545.21841128042,90065.79842341543,90516.3209751594,91026.19941682837,91556.13955098717,92103.78402537432
Sierra Leone,4369631.929338964,4372178.04670589,4371757.14682515,4373031.892162222,4370699.055986008,4371318.185918523,4373081.821895003,4383613.975003956,4399133.403522618,4419544.376994647,4437850.144704124,4458518.26350588,4477411.676348051,4498316.3198078405,4514493.732337128,4531185.214043891,4551504.924230212
Singapore,4116945.8448588634,4229085.934695435,4339555.835421069,4446505.204178057,4558983.443893648,4671694.3044144325,4788044.179419614,4901509.27661185,5013041.017270236,5118725.629928656,5222266.284352133,5318727.755392296,5414201.843064455,5505619.73415045,5601258.846713117,5697073.4266825365,5790285.570004168
Slovak Republic,5392162.188252663,5400511.268223077,5409874.700627122,5420527.429944083,5428936.466145585,5437886.853221091,5450124.005282163,5467235.346734333,5485542.068585747,5504519.075589238,5525419.089124474,5542803.98964579,5562547.507532078,5583259.40460582,5603482.624153144,5622833.888012516,5639691.917755825
Slovenia,1968832.9817421657,1959968.7730296373,1949617.6921168873,1938264.7152813969,1926550.1847465208,1914487.594751279,1902212.5999161787,1890370.7571044168,1878685.9598606268,1866413.5379853037,1852897.0014388806,1838269.031646949,1823170.503054933,1807462.0831695728,1791205.233611036,1774337.0749294094,1757189.9300567536
Solomon Islands,412359.04518816934,423461.2196430786,434600.0558930127,445640.80140347854,456273.7962461648,466643.33687521867,476604.45553910255,485935.7624287253,494701.4196980773,503148.11141525256,511418.96747913293,519518.0327733559,527158.5990848098,534544.4008680137,541686.7702835014,548762.5597320532,555777.219717432
Somalia,8364874.53912062,8468341.001642771,8563209.80445671,8651571.248558838,8720169.619200116,8777765.614818929,8835323.356303375,8890425.380838647,8925641.413815835,8935546.532424707,8918404.080407823,8896623.403202374,8796192.912820902,8669730.547358654,8522025.530950747,8354019.80867812,8167653.591188608
South Africa,46107857.9673149,46939380.9030056,47765657.388511986,48587802.51527393,49407754.113643214,50226760.84058845,51044812.722126216,51860305.04547514,52670357.26729253,53470404.772836104,54257278.79817507,55029489.16608369,55788095.26406181,56535521.43087956,57275651.927292824,58010888.23601884,58742441.314771965
South Sudan,5903334.680616413,5900203.750847214,5882638.956219192,5854361.603931264,5821344.545766802,5787820.503271414,5754765.274317021,5719750.808587533,5678926.594687032,5626023.698030487,5556850.080630175,5469961.322500586,5367627.9597608335,5253800.398821457,5134425.306685799,5013559.436360939,4893203.892612029
Spain,40556088.89088885,40743077.75799709,40933211.500844516,41112465.92798243,41263331.93648233,41368154.719014786,41425734.51143452,41433753.009829156,41375286.56948096,41230712.85326589,40986853.953488775,40637228.61722296,40187384.7362979,39662009.38860502,39095568.32543983,38514796.63816535,37927216.99994201
Sri Lanka,18848199.8857504,18945976.89786893,19032323.000849657,19109521.51958205,19180741.825259972,19246150.30184206,19304983.593721233,19362059.935870036,19420049.814400587,19478962.487707343,19538052.414705824,19599890.94879247,19667450.8563948,19736918.51783393,19804555.565047067,19866393.603187922,19924661.92870414
St. Kitts and Nevis,45664.16314613268,46507.80399161758,47441.851909621786,48440.81942186123,49468.68934287911,50515.60462705165,51585.967893071014,52640.70310256016,53655.5746044655,54630.39476321914,55570.30979264376,56452.1626621215,57248.33992712495,57986.69876849944,58693.57785525269,59398.788401569356,60081.65790976811
St. Lucia,156898.4641296533,158747.38152654233,160564.91752756742,162319.15068593516,163953.72163813142,165453.57217227417,166789.54127162404,167985.4951096079,169101.4135148474,170221.7670893254,171399.4525245452,172664.37900721835,173992.5739854648,175364.75390076637,176730.39511738322,178064.8671859022,179371.19522409473
St. Martin (French part),33082.70209068295,32896.74033160219,32419.868369366523,31734.13923305856,31341.308483162975,31020.849542311233,30651.098456532265,30178.33903104219,29902.280212411213,29825.742486614457,29860.658884953795,30406.81328975164,31134.263321858743,31944.05335783823,32819.95808667608,33593.803310103016,34319.70088453261
St. Vincent and the Grenadines,107727.86254325738,107535.22643362638,107309.3846443296,107069.003897192,106785.32744193234,106500.55364246361,106252.90533612737,106083.62169376598,105939.76376311501,105794.30899981727,105647.73630325575,105430.82448543375,105246.06462779501,105069.33876323693,104882.30922494552,104675.35215516412,104441.05941064474
Sudan,27668983.82895903,28454612.209738925,29245401.379169516,30037426.551208068,30833069.391131017,31625608.135596737,32409850.713412248,33177998.27288304,33934403.10118341,34680173.402676776,35413628.40234967,36142373.07052006,36851994.182397254,37549030.43656432,38240235.08687855,38930336.9204704,39620110.86522541
Suriname,472472.81528415025,476878.42015937896,480929.16994689574,483746.7371097621,487167.4337155708,490428.9898961669,493116.60250376986,495243.1666970491,497241.36734080996,498686.9802853148,500542.5427513142,489412.79072022875,494474.70537256676,499902.87834585627,506673.81335928914,516872.83043594455,527973.3788857774
Swaziland,1066601.5824519377,1085194.1206510505,1103089.7430095244,1120973.5412396789,1138161.8304149425,1157285.8569745235,1179046.4562556166,1203554.2729339376,1230672.080979324,1261595.335934802,1297953.7952812845,1337869.7385648377,1383261.9073802214,1432719.6692358498,1484275.038594055,1536622.8170284508,1589131.125732705
Sweden,8911446.250598423,8933177.710477244,8954293.35313333,8970162.171462059,8982746.356948067,8993408.95811095,9000851.875258923,9006143.09599227,9008996.33167073,9009192.429639827,9013589.560420832,8953742.123447925,8972649.922407541,8995291.192938976,9024221.881950092,9070247.4245364,9121271.784860995
Switzerland,7201517.546216455,7230590.797760787,7256935.07372757,7272560.151958208,7281455.337085134,7283499.642472898,7277575.925754364,7265022.685215308,7246990.598788525,7224795.255346893,7211133.940485056,7103513.109143541,7116253.320445289,7135688.956176952,7165730.264772481,7220624.079616529,7280941.059005818
Syrian Arab Republic,16385699.242861804,16790810.958290994,17196173.785343803,17601835.08095396,18012827.47554656,18423346.164278105,18831307.266826738,19236220.41752713,19639624.3426917,20038956.384938393,20429483.412660275,20817795.930939928,21196706.688069433,21568542.632390704,21936209.123674743,22301477.647964504,22665454.68752461
Tajikistan,6241086.7283660285,6322702.171993133,6395885.224894352,6461814.97048419,6529281.129102822,6597240.573236456,6667494.741597975,6737090.306437358,6808059.5976596065,6878459.499223929,6950489.341279723,7022308.848406754,7098217.309061289,7174361.333357386,7253316.964085044,7330421.075160077,7404649.350687828
Tanzania,34346150.34618004,35282423.71775147,36227215.36544858,37175455.34055437,38122223.673115835,39066583.94416988,40005793.93978599,40931627.545079336,41844944.03236443,42748346.15288216,43644734.35970217,44532856.39238645,45406489.33992952,46271492.99322271,47133923.40560946,47998546.305194646,48864705.80525632
Thailand,62487151.50248058,63037871.0442469,63609266.50875874,64203546.469140925,64821531.87525989,65463642.51217735,66127431.38004365,66814640.38333037,67528555.06743765,68269388.63526401,69035551.59914443,69829337.98414811,70647025.17572242,71471954.41946504,72283405.44160593,73064523.79530174,73811649.71885678
Timor-Leste,933475.6528573926,950729.3453650819,968313.1513297698,985865.6014938052,1003428.7218555575,1020329.2453989908,1035750.5555196973,1049994.6957954145,1064742.1091813468,1081230.0867739324,1100092.8026421,1122625.0868960917,1147903.1329411506,1175331.7011195766,1204064.9816621328,1233224.4009880233,1263154.7059205524
Togo,4874318.7025747765,4979635.338049823,5083419.064568305,5185750.903068479,5292104.341091389,5397208.169780761,5497571.586219471,5593200.982695591,5689091.944671113,5785376.467429783,5879232.114730375,5979095.586586513,6077245.837039055,6174121.614291783,6270135.247213574,6364601.725705368,6459566.981542204
Tonga,95541.19599777463,94508.1130858887,93245.80637076244,91784.9998898312,90624.51847748694,89532.13484026914,88720.19934841563,88121.73771511755,87733.82770659032,87275.32784524103,86810.07623091809,86131.5057047621,85700.55732476714,85256.850355965,85059.88533679055,84833.00323568707,84490.13544020042
Trinidad and Tobago,1273900.9222062898,1277127.3752793728,1279933.0875275347,1282617.243305619,1285486.6519550008,1288276.8715705886,1291330.095682842,1295287.5172714978,1299677.6509695477,1303955.9529188161,1307574.6440016334,1310545.0307394422,1313249.786837766,1315497.0557050076,1317156.7671661216,1318196.8251409042,1318523.4395406756
Tunisia,9866725.413932277,10025879.731209876,10183161.739338191,10340942.705088643,10495701.86489055,10653089.834117467,10810926.751293745,10972060.550121494,11138548.972123303,11316572.95586838,11506596.81913802,11712342.372695055,11927964.090471478,12152489.673431199,12376473.762607493,12599127.389403448,12820485.619977446
Turkey,63138377.02744731,64034308.78284605,64915485.92921233,65783037.693942495,66628688.15116629,67458787.0247815,68269236.41724873,69063132.10353503,69839897.70335491,70604653.42013691,71355272.86296755,72095557.7448771,72818107.1849806,73527086.60020313,74215821.6061723,74889072.68505129,75549035.68915439
Turkmenistan,4600652.46325724,4691206.341811646,4786531.9943578895,4885784.980245972,4987521.883918554,5090855.572652724,5195326.34951956,5301448.466626795,5409984.249442544,5521493.5261199325,5636425.553494643,5755031.040114168,5877281.831171326,6002934.333950039,6131732.387687989,6263267.647623718,6397909.892580811
Turks and Caicos Islands,18846.152738140583,19679.145021950637,20537.187418610374,21414.264681419838,22302.48288504102,23200.85817442688,24110.043211247117,25018.255761928558,25917.701676362696,26804.758790254993,27678.80382502092,28532.87518799951,29361.67028880291,30176.934084656714,30992.04983181903,31818.87387289924,32654.384786897666
Tuvalu,9348.075433656166,9356.872288583541,9359.981821531022,9357.23076246139,9347.976225200604,9329.357796706547,9301.63089696869,9270.667163450362,9239.834738145837,9213.558438955788,9194.031114737783,9183.917081122792,9184.125853289042,9189.817544244266,9194.715445370592,9194.318447801961,9187.720372908261
Uganda,23811058.699963115,24479431.998106748,25157168.503615357,25840005.949241012,26522610.787775874,27199628.668365337,27869521.263960436,28534612.35998275,29199656.243214965,29871733.76994396,30555293.65005582,31252933.44741504,31961361.887876846,32678442.496696346,33400401.31409008,34124761.418713816,34849839.651554525
Ukraine,49519748.8770533,49026703.114756696,48503403.63752531,47974845.08364672,47478198.53829822,46997073.44660082,46550697.09068869,46190452.795498535,45905163.65547634,45661171.305429526,45431089.05205021,45219902.2095655,45072729.59258201,44957149.43288349,44856864.564032674,44745722.2992215,44627696.57769876
United Arab Emirates,3135006.7400831585,3285554.872332227,3438863.1141389986,3594732.7673964486,3752800.573921489,3914705.4866577466,4080855.800797936,4246993.722586533,4409784.484385878,4566570.538497077,4715847.479099253,4855333.930240108,4983509.957377041,5104236.981426531,5221762.715040898,5340024.26857223,5458532.911997983
United Kingdom,58468556.08960161,58484541.11160974,58483344.067214705,58442414.30650079,58411048.680334456,58377166.570263244,58351631.304837584,58334661.77597205,58320454.44473407,58285727.570343204,58269708.1602721,57879882.48379245,57935756.23548998,58006019.34042135,58125245.01701781,58337143.281909615,58564784.67662719
United States,281039619.1620631,284065091.9871508,287203394.34334886,290315666.57870233,293209299.6665616,295756936.5068377,297888202.0563903,299662443.9710785,301226393.32780814,302777174.396852,304457381.88440144,306320001.95428056,308321456.30968595,310388946.56983745,312411757.3349277,314304606.51562715,316060079.39381397
Uruguay,3326830.796716772,3341809.598072595,3354898.1075907876,3365384.0195285426,3376147.37932319,3384341.237316477,3391152.144822752,3396375.7880850793,3401384.5914945775,3405966.051059056,3411908.0610859906,3418402.2370232297,3428100.0819917894,3438513.7747675246,3450754.3990441463,3462097.5832546777,3471544.001402876
Uzbekistan,24938604.798263453,25358105.35632448,25768392.632367812,26166514.042188313,26550057.188233115,26917421.034181014,27265434.055473775,27594896.56670167,27912522.986160915,28224743.400853164,28536921.077975847,28851272.65388194,29167738.705103103,29484119.179150805,29798207.967850897,30106715.71234663,30411128.441382147
Vanuatu,186539.51524430347,190616.99421461884,194804.55045254866,199031.74810864986,203182.0643115896,207188.8990889067,211021.51602540072,214707.79987063227,218279.0471557752,221796.07687648037,225294.00246798142,228786.4742624994,232246.70583695837,235665.97327903606,239011.4801711556,242274.400337676,245452.00994045235
"Venezuela, RB",24505620.69586881,24961236.788995463,25411885.091056768,25855205.70441943,26288333.09403384,26709586.5804069,27117331.52514487,27512849.328619894,27900823.02748261,28287607.9556337,28677748.683563694,29072947.976527732,29471783.5403271,29871822.5860628,30269266.343800217,30661210.61609384,31047085.252923787
Vietnam,81344388.39939292,82590201.5181221,83809145.53787951,84988685.81441145,86110508.3956444,87169198.06297036,88151648.24576141,89065135.8851796,89935644.53515378,90794896.54998976,91664521.57084812,92555962.69384982,93462758.90980512,94377223.43931665,95283144.07288434,96169674.16015317,97040772.74423082
Virgin Islands (U.S.),107384.716598778,106866.90794232485,106310.96644637708,105772.6135007038,105136.71297925114,104718.13529044643,104569.185009521,104628.75748712089,104699.69313403007,104588.37154115326,104292.07696111753,103479.16102387037,102547.01134258727,101552.64727869697,100634.8697417636,99861.28521767267,99329.67732227416
"Yemen, Rep.",18299981.530240387,18973457.97025629,19659467.82120298,20355367.2657254,21076615.70602094,21801041.275200382,22518774.8703462,23226340.862055495,23937568.93152011,24654054.305191197,25366249.642490745,26102026.83240123,26828285.5901215,27549440.819122843,28268615.01709363,28987067.83717037,29706518.78718856
Zambia,10448881.959328648,10709186.125433937,10969055.666306492,11226619.895556863,11479891.79608804,11729339.283249844,11974264.262028195,12210839.160325356,12438711.294586346,12658812.640749086,12872524.894234307,13078506.146080256,13274802.213994611,13464137.29630826,13649348.502736177,13832870.480473958,14014206.589157399
Zimbabwe,12413808.779181868,12626436.328955622,12826761.740728734,13016747.550450457,13204165.808206098,13391147.428371025,13578358.538721854,13762104.107529702,13945112.237062251,14128015.8107035,14313649.237273077,14501095.386156239,14691784.877651066,14882653.56297963,15073948.636708546,15261695.016739776,15444882.309023546
