FIPS,PCT_DIABETES_ADULTS08,PCT_DIABETES_ADULTS13,PCT_OBESE_ADULTS08,PCT_OBESE_ADULTS13
1001,11.4,13.0,31.5,34.1
1003,9.8,10.4,26.2,27.4
1005,13.6,18.4,37.6,44.4
1007,11.1,14.8,32.3,40.3
1009,11.4,14.1,31.9,34.6
1011,14.9,19.6,37.8,43.0
1013,15.1,17.7,36.8,36.3
1015,14.5,14.9,33.5,32.2
1017,16.1,16.4,35.5,39.7
1019,13.6,13.3,31.5,33.6
1021,10.2,13.3,34.8,35.9
1023,14.7,18.1,36.5,40.8
1025,14.1,16.3,36.0,38.2
1027,13.2,14.6,32.2,37.3
1029,11.0,12.6,28.8,30.0
1031,12.1,15.9,32.7,33.7
1033,13.5,18.7,34.7,37.5
1035,14.5,17.4,32.1,36.4
1037,13.2,17.3,33.2,39.7
1039,13.1,14.7,33.8,34.0
1041,12.6,16.5,33.6,39.7
1043,11.9,14.4,30.1,33.4
1045,13.5,14.1,34.4,36.5
1047,15.6,19.0,39.9,40.8
1049,11.2,13.4,31.7,30.4
1051,9.9,13.4,29.0,35.4
1053,12.3,17.8,34.4,37.7
1055,11.6,16.8,30.8,35.1
1057,12.7,15.1,32.3,33.7
1059,12.8,13.9,29.5,33.2
1061,12.6,13.9,32.0,34.1
1063,18.2,21.0,43.7,46.3
1065,15.1,16.0,40.2,40.4
1067,13.5,18.7,33.8,35.8
1069,12.4,13.7,33.2,32.8
1071,11.9,14.9,31.6,32.0
1073,12.0,13.0,31.4,33.2
1075,12.7,14.9,30.8,33.6
1077,12.8,14.2,29.1,32.9
1079,12.9,15.6,32.8,35.5
1081,9.6,9.5,30.1,29.0
1083,10.4,12.6,29.1,32.9
1085,17.1,23.5,40.6,45.1
1087,16.2,18.4,40.0,44.7
1089,13.0,11.5,30.6,32.3
1091,15.9,20.2,37.6,40.3
1093,11.7,18.7,28.6,35.5
1095,11.5,12.8,26.5,33.2
1097,12.2,15.6,30.3,37.1
1099,13.5,17.8,35.4,35.3
1101,12.7,13.5,34.0,34.8
1103,11.0,12.6,34.8,31.6
1105,17.5,21.7,40.7,43.0
1107,14.9,16.4,34.8,36.4
1109,12.9,13.5,35.1,38.4
1111,12.9,14.9,31.9,30.9
1113,13.6,12.9,36.7,36.4
1115,11.4,12.8,33.7,33.0
1117,8.0,8.7,28.4,30.1
1119,17.1,20.1,40.8,40.3
1121,13.6,15.3,34.0,39.0
1123,14.3,13.7,33.9,36.9
1125,11.1,12.3,33.1,34.3
1127,13.3,16.7,33.1,33.2
1129,12.9,17.8,34.9,40.2
1131,17.1,19.3,40.8,44.9
1133,10.0,13.2,29.3,30.2
2013,5.5,7.6,28.4,33.4
2016,5.9,6.2,30.0,39.4
2020,7.0,7.0,26.5,27.0
2050,5.5,5.8,31.9,30.3
2060,6.8,8.5,32.6,39.7
2068,6.0,5.8,29.8,27.0
2070,7.8,7.2,38.5,38.0
2090,5.2,5.5,25.5,28.1
2100,6.6,7.9,29.4,25.5
2105,,7.3,,31.8
2110,5.3,5.9,26.7,28.6
2122,6.3,7.2,29.9,28.4
2130,7.2,8.9,34.0,30.8
2150,6.2,6.6,26.2,30.2
2164,7.2,7.4,34.3,31.9
2170,5.8,8.2,27.9,30.2
2180,7.1,6.0,33.0,31.7
2185,7.1,6.5,37.7,36.5
2188,6.6,6.5,31.3,32.4
2195,,7.1,,30.5
2198,,7.3,,35.2
2220,6.8,6.7,30.5,28.7
2230,,6.4,,28.1
2240,6.3,6.9,31.4,33.1
2261,6.2,7.4,32.9,30.4
2270,6.4,4.6,32.5,32.6
2275,,8.9,,30.6
2282,7.3,7.9,29.2,31.3
2290,6.9,8.3,32.2,28.3
4001,13.6,14.4,31.7,35.2
4003,8.4,10.3,23.3,26.0
4005,7.1,7.6,20.8,23.2
4007,10.9,11.2,25.8,27.5
4009,9.1,10.3,30.1,32.5
4011,8.2,10.7,32.8,34.7
4012,12.0,14.8,28.6,32.0
4013,7.4,9.0,23.1,25.4
4015,11.1,12.8,27.0,29.6
4017,12.9,13.1,27.6,30.9
4019,7.8,8.8,23.5,24.2
4021,8.4,12.3,29.0,31.6
4023,6.3,8.0,21.0,23.0
4025,8.0,10.5,20.1,25.3
4027,10.0,12.6,26.6,30.5
5001,12.6,12.9,34.8,33.8
5003,11.3,14.5,35.7,42.1
5005,11.8,16.0,26.6,32.3
5007,7.8,9.6,28.0,30.1
5009,10.1,12.4,28.2,33.9
5011,12.2,13.1,32.2,39.0
5013,12.6,13.7,32.2,34.2
5015,10.9,13.0,25.5,35.8
5017,14.7,15.2,35.8,43.1
5019,10.1,11.6,31.3,34.3
5021,12.0,11.1,30.8,33.7
5023,11.9,13.5,28.4,31.8
5025,11.8,13.0,31.7,35.7
5027,12.0,12.9,31.8,36.4
5029,10.4,13.7,29.5,39.7
5031,10.1,13.1,31.9,36.4
5033,8.2,11.4,30.1,35.1
5035,13.8,15.8,36.4,38.8
5037,12.3,13.6,31.4,37.9
5039,13.6,14.4,34.0,36.2
5041,13.3,15.1,35.6,39.6
5043,10.6,13.6,31.8,34.3
5045,9.3,11.2,29.4,33.2
5047,10.9,13.8,32.9,37.1
5049,11.4,15.6,28.8,32.9
5051,10.2,14.5,27.1,32.3
5053,9.4,11.1,32.4,38.3
5055,9.6,12.9,30.7,31.2
5057,13.0,13.5,33.4,40.3
5059,10.7,12.2,32.5,34.7
5061,11.8,13.4,32.3,35.7
5063,10.1,13.1,29.0,37.2
5065,9.8,15.5,27.1,33.9
5067,11.4,12.9,31.2,37.2
5069,12.5,15.4,37.4,40.7
5071,9.9,12.5,30.7,36.4
5073,13.5,15.3,32.2,36.3
5075,11.2,13.2,32.1,31.8
5077,12.7,13.1,35.6,35.7
5079,10.4,12.3,33.8,37.5
5081,11.9,12.9,33.1,32.7
5083,9.6,13.8,28.4,37.5
5085,10.9,13.1,32.4,35.8
5087,9.8,11.8,29.1,34.0
5089,11.8,12.2,30.2,31.7
5091,13.8,12.3,36.1,35.9
5093,12.6,15.9,34.7,39.8
5095,13.3,17.2,32.1,37.5
5097,10.9,14.3,27.7,33.8
5099,13.2,13.9,31.3,36.0
5101,12.7,12.8,31.0,34.2
5103,13.4,14.8,33.5,34.8
5105,10.0,12.2,28.9,37.5
5107,13.8,16.7,38.2,45.5
5109,11.0,12.4,29.0,37.8
5111,11.9,13.8,34.1,38.4
5113,10.7,13.9,31.9,36.7
5115,9.6,11.2,31.1,32.1
5117,11.1,14.3,30.3,36.3
5119,10.0,12.0,28.3,31.7
5121,11.4,12.7,30.3,35.3
5123,12.9,16.4,34.8,42.5
5125,9.6,11.8,29.6,32.5
5127,10.9,11.4,31.2,32.5
5129,12.5,13.4,30.1,35.0
5131,10.1,12.9,29.8,36.9
5133,12.1,12.2,32.8,36.7
5135,11.2,15.2,26.7,37.3
5137,11.0,12.7,29.7,32.6
5139,11.1,13.5,29.7,39.4
5141,11.1,12.9,29.2,35.6
5143,7.8,9.1,27.4,30.6
5145,8.8,10.1,29.0,36.3
5147,12.2,14.7,32.3,35.8
5149,11.7,12.9,32.9,37.1
6001,7.6,8.5,19.5,20.0
6003,8.4,10.3,24.6,23.4
6005,9.3,10.2,24.6,25.5
6007,8.3,10.2,24.4,25.9
6009,7.3,10.0,24.4,23.5
6011,7.6,9.6,24.6,25.4
6013,7.0,9.4,24.6,25.0
6015,8.1,8.4,28.5,25.5
6017,7.1,7.5,20.3,20.6
6019,8.5,9.4,28.4,26.6
6021,7.7,8.4,28.5,26.7
6023,9.4,8.8,25.1,25.5
6025,6.7,8.3,26.7,26.3
6027,8.0,9.4,22.7,23.3
6029,7.0,9.3,29.0,30.3
6031,5.7,7.5,29.4,26.4
6033,9.2,10.1,25.8,26.2
6035,6.5,7.6,28.4,23.9
6037,7.8,9.1,20.9,21.4
6039,7.8,7.9,28.7,26.5
6041,6.4,7.9,16.3,18.9
6043,8.3,10.7,23.8,24.4
6045,7.0,8.4,21.0,22.4
6047,7.5,9.2,31.4,29.5
6049,8.2,10.4,22.8,23.2
6051,7.0,7.4,20.7,22.8
6053,7.8,7.6,22.7,22.3
6055,7.3,8.4,22.0,23.7
6057,6.9,7.7,21.3,21.1
6059,7.0,8.0,18.8,19.7
6061,7.1,9.0,18.9,21.7
6063,8.0,9.8,23.1,23.0
6065,8.1,9.0,26.2,26.0
6067,8.4,8.4,26.7,27.4
6069,7.2,7.6,25.0,23.3
6071,7.7,9.2,28.6,27.9
6073,7.1,7.7,21.7,19.1
6075,7.9,7.9,16.3,16.1
6077,7.9,10.3,30.3,28.3
6079,6.4,8.5,21.6,24.5
6081,6.8,8.3,19.4,21.1
6083,7.5,7.1,19.0,18.2
6085,7.4,8.4,20.2,19.5
6087,6.2,7.0,17.1,20.2
6089,7.1,9.4,27.2,26.5
6091,8.8,9.6,24.3,22.5
6093,8.0,8.6,25.3,23.2
6095,9.9,9.8,28.0,30.1
6097,6.6,7.9,20.0,20.9
6099,8.1,9.7,30.2,32.6
6101,7.9,8.6,25.3,28.7
6103,8.7,11.2,23.5,27.2
6105,9.6,10.1,23.3,25.1
6107,7.6,8.0,31.6,32.6
6109,6.8,10.1,22.2,20.2
6111,7.1,7.6,23.5,20.3
6113,6.7,6.9,27.2,22.7
6115,6.2,7.6,31.7,24.8
8001,6.5,7.2,24.3,26.3
8003,5.6,6.7,21.0,23.0
8005,5.9,6.3,18.6,21.4
8007,5.4,5.9,15.7,16.5
8009,8.2,7.6,25.2,19.4
8011,5.6,7.0,21.4,26.5
8013,3.5,4.1,13.2,13.4
8014,4.5,5.5,20.2,17.6
8015,5.0,6.4,14.9,20.5
8017,6.1,6.5,18.7,23.7
8019,5.4,7.9,21.6,18.1
8021,6.2,6.0,17.3,24.5
8023,7.3,8.3,19.1,21.9
8025,4.7,6.0,20.0,21.6
8027,6.4,6.8,17.7,20.5
8029,6.7,7.6,18.8,20.4
8031,5.4,6.0,17.0,16.4
8033,5.7,7.5,19.7,19.8
8035,3.4,5.3,16.0,17.0
8037,3.0,3.3,12.9,11.8
8039,4.7,5.2,19.4,19.6
8041,5.5,7.0,19.5,22.3
8043,7.0,8.1,21.2,22.8
8045,4.6,4.7,14.8,20.0
8047,4.9,6.3,17.4,19.7
8049,4.7,5.6,17.4,17.4
8051,3.6,4.6,14.9,14.8
8053,6.4,6.6,18.0,20.5
8055,6.5,7.6,18.8,20.1
8057,6.7,6.6,21.6,21.4
8059,5.4,5.4,17.7,18.3
8061,7.3,7.7,19.5,19.5
8063,6.3,7.3,24.9,27.6
8065,4.5,5.4,18.1,17.5
8067,4.0,4.8,14.3,16.3
8069,4.6,5.2,17.0,18.7
8071,6.3,7.7,21.4,21.0
8073,6.2,7.6,21.6,23.8
8075,5.9,7.0,22.6,25.4
8077,5.6,7.2,20.4,23.5
8079,6.2,6.8,18.8,18.1
8081,5.7,6.3,20.6,25.8
8083,6.8,6.5,21.2,21.7
8085,5.4,8.1,16.4,19.7
8087,7.5,7.4,23.5,26.9
8089,7.1,6.8,24.6,26.9
8091,6.4,6.7,18.2,18.6
8093,4.9,6.7,16.6,20.5
8095,7.6,7.8,20.9,22.8
8097,4.3,5.1,13.7,14.9
8099,5.7,8.4,20.2,26.1
8101,6.8,9.1,23.3,25.9
8103,5.2,6.0,16.5,22.6
8105,6.1,6.9,19.5,23.2
8107,3.4,4.1,11.7,14.3
8109,5.4,7.0,20.7,19.7
8111,4.9,6.7,18.3,19.3
8113,4.2,5.0,15.3,16.7
8115,7.0,8.0,21.4,22.1
8117,3.5,4.1,13.0,13.1
8119,5.3,6.9,18.0,20.3
8121,7.3,6.5,21.7,23.2
8123,5.5,6.4,23.9,26.0
8125,6.4,6.1,22.6,24.8
9001,6.8,7.6,18.4,21.4
9003,7.9,9.6,22.6,26.8
9005,7.5,6.7,20.3,23.9
9007,7.4,8.4,22.8,24.1
9009,8.5,9.0,25.3,26.5
9011,7.8,9.2,23.5,27.6
9013,6.4,7.2,22.5,24.8
9015,9.1,10.1,28.4,29.6
10001,11.4,12.8,32.4,32.8
10003,7.9,9.0,27.2,27.7
10005,11.2,13.2,28.9,31.0
11001,8.3,8.1,21.2,22.4
12001,8.2,8.3,25.9,25.6
12003,12.2,13.0,30.6,35.8
12005,10.7,11.2,25.5,29.9
12007,11.3,14.4,33.1,35.9
12009,11.1,11.7,25.1,25.6
12011,9.3,9.5,22.2,24.4
12013,11.6,15.5,29.8,39.4
12015,11.5,14.1,25.3,25.7
12017,12.4,14.6,28.6,26.3
12019,10.6,12.0,27.5,29.7
12021,8.8,8.6,21.2,19.5
12023,10.1,12.7,29.2,36.3
12027,9.9,13.7,29.6,36.0
12029,11.4,14.0,30.5,30.6
12031,10.4,11.2,27.3,30.6
12033,11.0,12.4,28.5,28.9
12035,10.5,12.4,25.5,24.2
12037,10.2,11.0,27.3,32.2
12039,11.9,17.1,34.0,36.5
12041,9.5,8.4,30.7,31.5
12043,11.8,13.8,31.7,33.1
12045,9.7,11.1,26.0,30.9
12047,11.0,13.0,32.0,33.2
12049,12.0,12.6,35.4,33.9
12051,8.6,13.7,31.9,35.2
12053,10.8,13.4,25.3,32.1
12055,12.8,14.2,25.8,31.0
12057,8.3,10.4,26.1,28.3
12059,12.3,14.2,29.5,31.6
12061,10.0,11.4,21.1,24.5
12063,11.5,12.4,31.1,34.7
12065,11.2,11.7,30.1,32.2
12067,10.0,13.2,31.6,35.3
12069,11.5,14.7,24.4,29.3
12071,10.8,9.9,24.9,24.6
12073,8.4,8.3,27.3,26.4
12075,11.2,14.1,29.1,32.2
12077,10.3,13.4,33.9,39.6
12079,12.0,15.6,32.0,34.1
12081,9.0,10.6,23.8,25.3
12083,12.0,12.6,26.0,29.2
12085,9.0,11.3,20.2,21.3
12086,9.1,7.9,22.4,21.0
12087,8.6,8.6,20.1,22.0
12089,10.3,10.8,25.6,28.6
12091,9.5,9.7,24.1,26.4
12093,10.8,11.6,29.5,31.0
12095,9.5,8.8,23.7,24.9
12097,9.1,12.0,26.3,29.1
12099,9.5,10.5,20.4,21.5
12101,10.1,12.2,24.0,31.1
12103,9.4,10.8,25.8,25.5
12105,10.8,14.3,29.9,32.3
12107,12.8,12.2,30.1,36.1
12109,8.5,9.0,21.8,21.9
12111,9.4,11.5,25.6,27.9
12113,9.1,9.0,23.1,26.1
12115,9.9,11.1,19.7,20.6
12117,8.9,10.0,24.2,24.6
12119,9.2,14.9,26.7,26.9
12121,11.0,13.5,31.5,33.3
12123,10.2,15.4,30.9,38.9
12125,11.5,12.5,34.2,37.1
12127,9.6,12.4,24.1,26.0
12129,9.1,11.7,29.6,36.4
12131,10.4,11.6,25.3,27.5
12133,10.7,12.9,29.3,38.5
13001,10.8,12.9,30.6,34.8
13003,10.5,11.5,29.4,35.3
13005,10.5,10.4,29.0,32.7
13007,13.0,14.8,32.7,30.0
13009,11.4,14.0,32.0,36.8
13011,10.1,11.1,27.9,27.0
13013,9.6,11.3,28.9,34.6
13015,9.7,12.1,28.7,35.2
13017,12.4,12.4,31.7,35.3
13019,12.5,14.2,30.9,34.7
13021,13.2,12.7,30.6,31.3
13023,12.3,13.6,29.7,30.4
13025,10.4,10.9,28.2,33.1
13027,13.3,14.5,31.5,33.5
13029,9.6,12.3,28.7,29.3
13031,9.6,12.0,30.4,33.5
13033,12.7,14.7,33.9,32.0
13035,11.5,11.7,29.9,28.7
13037,13.2,14.4,33.4,34.4
13039,10.7,10.9,27.6,31.5
13043,11.8,13.7,30.1,30.3
13045,11.9,11.3,31.3,31.7
13047,11.1,12.2,29.9,27.8
13049,11.1,11.6,29.6,32.0
13051,11.8,11.0,28.8,31.3
13053,6.8,6.4,30.8,27.3
13055,11.1,11.0,27.4,34.0
13057,7.2,8.7,24.5,26.9
13059,8.2,8.3,26.9,25.3
13061,15.9,17.2,33.4,29.8
13063,11.9,11.6,33.7,38.0
13065,11.6,12.9,29.9,29.6
13067,8.9,8.5,24.2,22.9
13069,11.9,11.5,29.8,34.8
13071,11.2,12.8,31.6,35.2
13073,9.7,10.4,27.1,30.3
13075,12.3,12.2,31.4,31.4
13077,10.3,10.6,28.4,26.8
13079,11.6,13.1,30.0,27.3
13081,12.0,14.2,31.6,31.1
13083,11.1,12.2,26.4,32.3
13085,9.9,10.5,26.8,27.7
13087,12.2,12.1,31.6,30.0
13089,10.1,10.0,26.7,27.3
13091,12.9,13.5,32.0,28.5
13093,13.4,14.8,33.3,34.7
13095,14.2,12.4,32.6,34.4
13097,10.3,12.0,29.4,32.3
13099,13.9,15.6,30.6,31.5
13101,9.0,10.9,28.7,28.3
13103,9.7,13.5,31.4,35.2
13105,12.7,13.0,31.7,31.1
13107,12.5,11.6,31.8,36.3
13109,12.0,13.4,30.2,33.5
13111,10.8,12.2,26.3,25.9
13113,12.6,12.9,25.4,31.1
13115,10.5,13.6,30.6,31.0
13117,8.2,10.8,24.4,29.4
13119,10.6,12.4,27.1,29.5
13121,8.7,8.7,23.5,23.9
13123,10.2,12.4,26.9,29.7
13125,11.5,11.8,27.1,28.6
13127,11.1,11.5,28.4,26.2
13129,9.0,10.2,28.8,29.3
13131,12.3,12.1,31.4,33.0
13133,13.9,15.4,30.9,29.7
13135,8.6,8.3,26.3,29.5
13137,10.0,11.4,27.5,31.7
13139,9.9,10.9,27.2,25.7
13141,14.2,15.8,35.2,31.2
13143,10.8,11.2,27.8,27.3
13145,11.4,13.2,29.7,28.4
13147,11.5,13.5,28.3,29.9
13149,10.7,12.0,28.0,30.2
13151,9.7,13.5,28.7,33.1
13153,11.9,13.2,29.6,31.0
13155,11.6,12.4,31.5,29.2
13157,10.6,11.2,26.9,27.4
13159,11.5,12.6,29.7,29.3
13161,12.0,12.8,29.2,30.0
13163,14.4,16.7,35.1,35.3
13165,13.6,12.1,32.3,29.9
13167,12.2,12.7,32.6,34.0
13169,11.8,12.4,29.1,33.5
13171,12.1,11.7,29.8,30.6
13173,10.6,11.4,29.9,33.2
13175,12.3,14.4,32.7,36.2
13177,9.7,10.7,28.2,31.2
13179,10.8,10.4,31.0,34.9
13181,13.1,14.1,30.5,29.0
13183,10.0,9.8,30.1,31.4
13185,11.1,11.6,32.1,31.3
13187,8.8,10.8,26.8,30.7
13189,12.3,17.4,29.7,33.4
13191,13.5,15.2,29.1,30.9
13193,14.2,13.5,32.6,36.4
13195,11.4,13.3,29.1,31.9
13197,12.0,14.0,30.2,32.9
13199,13.4,14.8,30.3,34.6
13201,13.1,13.3,30.2,30.3
13205,11.9,14.4,31.9,33.6
13207,11.3,14.5,29.5,31.9
13209,10.5,13.4,30.3,36.2
13211,12.2,11.6,28.3,26.5
13213,10.6,12.7,28.8,32.5
13215,12.8,13.4,31.4,28.8
13217,10.6,10.4,32.2,32.9
13219,9.7,9.3,28.2,28.8
13221,10.6,13.0,29.0,30.1
13223,10.2,11.0,27.3,28.6
13225,11.9,13.6,30.2,34.4
13227,9.4,14.2,25.1,26.7
13229,12.0,11.3,29.0,28.5
13231,10.2,11.7,28.4,26.2
13233,11.5,10.4,28.0,34.5
13235,12.7,13.6,30.6,31.7
13237,13.2,12.8,29.2,30.0
13239,13.7,16.9,32.0,34.0
13241,11.9,13.0,25.8,29.4
13243,14.8,16.7,33.7,33.7
13245,12.3,13.5,33.3,34.1
13247,11.2,13.1,30.3,36.0
13249,11.3,12.6,30.0,30.4
13251,13.6,13.6,31.1,33.0
13253,13.5,14.2,30.4,30.7
13255,11.8,12.9,31.7,32.4
13257,12.9,12.6,32.6,30.1
13259,16.8,13.7,33.3,34.2
13261,13.2,13.8,30.3,32.7
13263,14.9,16.3,33.3,33.3
13265,16.2,16.2,32.2,31.4
13267,11.6,10.2,30.7,33.1
13269,14.0,14.5,31.7,28.8
13271,11.6,12.3,30.0,30.9
13273,13.9,14.9,34.5,31.6
13275,13.2,14.0,31.4,34.0
13277,12.0,13.2,34.1,34.0
13279,12.7,13.6,29.7,31.5
13281,12.3,12.9,26.1,27.4
13283,11.9,12.3,31.2,32.9
13285,12.5,12.6,31.4,30.0
13287,13.4,14.3,31.8,34.6
13289,13.3,14.5,31.2,32.8
13291,13.5,15.9,27.2,27.2
13293,12.5,11.9,29.9,32.0
13295,12.2,12.4,29.6,32.1
13297,10.4,11.6,27.5,34.4
13299,12.4,12.3,29.2,35.5
13301,14.7,15.8,31.8,32.0
13303,13.3,13.0,32.1,32.2
13305,10.5,13.1,30.2,31.8
13307,13.4,14.6,31.6,32.1
13309,11.2,12.1,31.4,31.9
13311,10.3,12.6,27.0,28.6
13313,10.5,13.2,29.0,33.5
13315,12.0,11.4,32.2,31.5
13317,14.8,15.5,30.3,32.9
13319,13.1,14.8,31.4,34.5
13321,11.8,13.9,30.3,36.7
15001,7.2,8.1,22.2,22.7
15003,8.4,8.4,20.8,22.3
15005,11.5,11.3,23.6,21.5
15007,8.3,8.3,20.5,20.6
15009,7.6,7.7,22.9,22.4
16001,7.1,7.5,22.0,25.4
16003,8.8,11.6,29.4,27.6
16005,8.6,10.0,29.2,28.1
16007,8.3,8.9,23.2,28.7
16009,8.5,9.4,27.2,30.1
16011,10.8,9.9,29.6,33.3
16013,5.3,6.6,15.4,19.2
16015,8.8,9.6,28.9,22.4
16017,7.8,7.6,21.7,24.7
16019,8.5,8.5,25.9,29.4
16021,8.1,11.0,25.2,27.3
16023,9.9,9.5,27.2,28.5
16025,8.1,9.4,25.2,25.7
16027,8.3,9.5,29.5,33.4
16029,8.4,10.5,24.3,27.5
16031,9.9,9.0,29.9,30.5
16033,8.6,8.5,26.9,31.4
16035,10.1,11.1,27.0,30.6
16037,8.6,9.4,25.8,26.3
16039,8.3,8.6,29.5,29.8
16041,7.8,7.9,29.0,30.7
16043,7.8,9.0,21.5,28.9
16045,8.5,9.9,29.5,28.5
16047,8.6,9.8,27.5,30.0
16049,10.1,9.5,29.3,25.7
16051,7.9,8.8,27.8,32.7
16053,8.9,7.7,27.7,33.3
16055,8.0,9.6,24.5,25.0
16057,6.7,6.4,24.0,24.3
16059,8.2,12.1,25.7,26.8
16061,9.8,10.5,27.4,29.7
16063,8.1,8.3,29.6,32.3
16065,6.0,5.5,24.3,24.5
16067,11.3,10.8,30.0,34.2
16069,11.2,11.0,29.7,30.9
16071,9.2,12.2,26.7,31.3
16073,7.7,9.5,26.5,30.4
16075,8.5,9.2,27.4,33.3
16077,8.2,8.2,26.8,32.1
16079,8.8,10.2,29.8,31.1
16081,6.6,6.0,20.5,24.1
16083,9.5,8.7,25.7,27.6
16085,8.6,8.4,27.4,24.1
16087,10.1,11.2,25.2,30.3
17001,9.0,10.1,26.5,37.0
17003,11.0,11.4,28.2,28.4
17005,8.8,10.0,27.9,29.6
17007,7.2,9.4,27.0,33.7
17009,7.9,8.2,28.1,27.6
17011,9.0,11.3,26.7,29.1
17013,9.6,11.4,26.7,29.1
17015,9.6,12.2,26.7,28.6
17017,8.6,10.6,27.6,28.0
17019,7.4,7.4,26.8,25.1
17021,8.9,10.5,27.1,31.7
17023,9.0,11.5,27.4,32.7
17025,8.9,10.8,27.4,31.0
17027,8.5,8.7,27.6,29.5
17029,7.4,8.9,26.6,26.3
17031,8.7,8.5,25.2,25.3
17033,8.7,10.6,27.2,31.3
17035,9.0,11.1,27.4,27.8
17037,6.9,8.3,26.6,28.3
17039,8.6,10.8,26.8,30.5
17041,8.7,10.8,28.3,30.5
17043,7.5,8.1,24.6,23.0
17045,9.5,10.1,27.5,30.3
17047,9.1,10.5,27.2,31.3
17049,8.6,10.7,27.1,31.8
17051,8.3,10.3,26.9,33.0
17053,9.3,10.6,27.5,28.2
17055,9.5,11.6,27.0,30.2
17057,8.9,11.6,27.4,30.7
17059,9.5,10.8,26.7,28.4
17061,9.2,11.5,28.2,28.7
17063,7.5,8.6,28.4,30.4
17065,9.5,11.1,27.0,28.2
17067,9.2,11.2,26.6,28.6
17069,9.1,13.0,27.2,30.6
17071,9.5,11.8,27.7,30.4
17073,8.8,11.1,27.0,30.5
17075,9.3,12.4,27.7,33.9
17077,7.3,9.0,26.9,31.5
17079,9.0,10.2,27.1,30.2
17081,9.0,11.1,27.9,30.2
17083,8.3,10.4,26.6,33.0
17085,9.2,13.0,26.3,29.5
17087,8.2,10.5,27.4,29.4
17089,7.1,7.7,27.9,25.3
17091,9.0,9.1,28.2,30.1
17093,6.0,8.3,24.9,33.7
17095,9.2,9.8,28.1,26.2
17097,7.6,8.4,24.8,28.4
17099,9.1,10.4,27.1,27.1
17101,8.7,11.7,27.1,28.9
17103,8.7,10.1,27.0,32.6
17105,9.1,9.5,27.4,29.2
17107,8.3,9.8,28.8,29.2
17109,7.5,9.3,27.9,26.8
17111,6.9,10.1,26.5,27.7
17113,7.3,7.0,27.8,29.3
17115,9.4,10.0,29.7,29.7
17117,9.0,10.5,28.6,31.0
17119,9.4,10.0,28.3,32.3
17121,9.0,10.5,27.2,33.5
17123,9.0,11.2,27.1,29.1
17125,9.2,11.1,28.5,31.7
17127,9.5,11.2,27.8,30.7
17129,8.3,10.2,27.3,28.3
17131,8.9,11.4,27.4,31.2
17133,7.9,11.4,26.8,33.2
17135,9.1,10.8,26.3,31.3
17137,8.8,11.3,27.3,28.8
17139,9.1,10.2,26.8,28.6
17141,8.3,10.4,27.0,31.2
17143,9.7,9.6,27.2,28.8
17145,8.7,10.6,27.8,29.1
17147,8.9,10.7,27.4,29.0
17149,9.1,12.0,26.2,32.6
17151,9.6,10.9,27.3,29.5
17153,11.0,12.1,28.2,27.3
17155,9.2,10.5,27.2,29.9
17157,8.2,10.1,27.3,27.7
17159,9.9,11.0,28.4,28.8
17161,9.0,10.8,27.0,31.7
17163,9.4,12.7,28.4,33.2
17165,9.8,12.0,26.7,30.1
17167,9.6,10.7,28.8,28.5
17169,9.1,10.6,26.4,31.7
17171,9.4,9.9,27.2,30.4
17173,9.1,10.1,26.9,30.6
17175,9.5,12.2,26.8,30.2
17177,9.2,12.5,28.6,32.9
17179,8.6,9.6,26.4,30.6
17181,8.9,11.9,27.7,28.2
17183,9.7,12.7,27.1,35.4
17185,8.9,12.6,27.1,32.2
17187,9.2,10.5,27.0,30.5
17189,8.9,10.5,27.9,28.6
17191,8.8,10.3,27.7,29.2
17193,9.5,10.6,27.5,28.7
17195,8.9,10.5,26.3,28.7
17197,7.9,8.5,28.8,28.0
17199,8.7,10.5,28.1,31.6
17201,9.2,11.7,27.9,33.9
17203,8.4,9.6,27.5,30.8
18001,9.7,13.9,29.5,32.8
18003,10.0,10.3,30.2,30.1
18005,10.2,10.5,29.5,29.5
18007,10.8,12.1,29.2,32.6
18009,11.3,13.7,29.0,36.0
18011,10.0,10.4,30.5,27.8
18013,10.6,12.6,28.6,30.6
18015,10.9,13.4,30.0,26.9
18017,10.2,9.8,29.9,33.7
18019,9.8,12.4,30.5,33.3
18021,9.4,11.9,30.7,33.1
18023,11.8,12.5,28.7,30.9
18025,10.3,13.0,30.2,33.0
18027,10.1,12.9,29.7,37.6
18029,9.5,13.1,29.4,32.5
18031,9.6,14.7,29.9,32.7
18033,9.5,10.0,30.7,32.8
18035,10.4,12.5,31.0,31.5
18037,9.5,10.3,29.2,29.5
18039,9.7,10.2,29.2,32.8
18041,10.4,12.2,30.2,33.0
18043,10.1,10.2,29.5,30.1
18045,10.3,13.9,28.7,29.8
18047,10.4,11.0,28.6,26.2
18049,10.7,11.4,29.5,37.8
18051,9.9,13.4,28.0,32.1
18053,10.8,14.8,29.1,37.3
18055,10.6,13.3,29.5,33.1
18057,7.9,8.6,24.4,25.9
18059,9.6,12.4,28.2,34.8
18061,10.3,12.8,29.8,36.0
18063,8.7,10.0,28.9,31.8
18065,10.5,13.4,30.0,36.7
18067,11.3,13.1,30.4,31.4
18069,10.9,12.7,32.0,32.6
18071,9.9,12.4,29.6,36.9
18073,9.5,11.3,29.1,29.6
18075,10.4,15.0,31.5,34.0
18077,9.8,12.5,31.5,35.0
18079,9.3,12.3,29.9,33.0
18081,8.9,10.7,28.6,30.2
18083,9.9,11.0,29.4,32.3
18085,10.0,10.4,29.5,33.2
18087,9.5,11.2,28.0,34.2
18089,11.3,12.2,33.1,33.9
18091,10.9,10.8,29.1,35.0
18093,11.1,15.1,28.5,38.2
18095,11.2,12.2,32.3,33.4
18097,10.0,10.5,30.2,32.4
18099,9.5,11.1,28.0,30.8
18101,10.6,15.6,30.2,35.8
18103,10.0,11.6,29.8,35.7
18105,7.8,7.7,26.1,22.1
18107,10.2,11.8,29.8,32.7
18109,9.7,14.0,29.1,33.2
18111,10.2,11.6,29.3,35.3
18113,9.1,11.8,29.3,31.8
18115,10.0,12.4,29.3,30.4
18117,11.0,11.6,30.0,35.4
18119,10.2,14.1,29.9,34.0
18121,10.2,12.5,29.8,33.6
18123,9.5,12.6,30.5,32.8
18125,10.7,12.6,29.8,36.4
18127,9.8,9.4,30.6,31.9
18129,10.4,12.7,29.4,29.1
18131,10.3,12.2,30.0,31.5
18133,9.3,10.0,29.4,31.5
18135,11.1,14.2,30.9,35.6
18137,10.0,13.7,28.9,32.7
18139,10.3,14.0,29.9,32.6
18141,9.6,9.9,29.6,30.0
18143,10.0,12.7,28.6,29.5
18145,10.2,11.4,31.2,33.1
18147,10.4,10.8,29.0,30.5
18149,11.1,13.6,30.3,36.1
18151,10.5,10.4,30.9,33.7
18153,9.5,13.0,29.4,32.9
18155,10.2,13.4,28.9,32.0
18157,7.9,6.9,28.5,26.4
18159,10.6,10.8,29.2,31.1
18161,10.4,12.8,29.4,30.0
18163,9.7,11.9,28.1,33.3
18165,10.9,14.3,30.6,33.1
18167,9.7,11.5,31.8,32.8
18169,10.8,13.9,31.3,31.6
18171,10.7,12.2,30.5,32.1
18173,9.6,10.9,30.0,29.4
18175,9.9,10.9,29.4,30.6
18177,9.9,11.5,27.9,29.6
18179,10.2,11.8,29.6,28.4
18181,10.8,14.5,31.4,34.7
18183,9.3,10.6,29.7,32.0
19001,9.3,11.6,27.7,32.4
19003,9.0,10.1,28.9,30.8
19005,8.8,9.1,27.6,33.6
19007,8.7,11.6,28.7,35.4
19009,9.1,11.7,29.1,31.2
19011,7.4,10.0,28.8,34.4
19013,7.9,9.5,27.5,29.9
19015,8.0,9.1,31.4,32.4
19017,7.9,9.4,27.3,32.4
19019,8.0,9.5,28.7,35.2
19021,8.4,10.1,28.8,33.0
19023,8.5,10.0,27.7,33.8
19025,9.4,10.7,29.2,32.4
19027,8.5,8.9,27.8,30.7
19029,9.0,10.7,30.9,35.2
19031,7.8,10.6,29.7,32.4
19033,9.0,10.4,27.1,33.2
19035,9.3,11.3,28.3,37.5
19037,8.4,10.4,28.1,32.7
19039,8.2,10.2,27.7,30.5
19041,8.3,9.3,28.6,33.8
19043,8.5,9.2,29.1,32.1
19045,8.6,12.1,29.5,33.4
19047,8.3,11.7,29.8,34.2
19049,6.5,8.4,29.4,29.8
19051,7.9,10.6,27.5,32.7
19053,8.1,9.7,27.2,33.1
19055,7.9,10.6,28.7,33.9
19057,8.4,11.1,30.9,31.3
19059,8.9,9.6,27.9,33.4
19061,7.5,9.6,26.3,28.5
19063,8.6,10.7,28.8,33.2
19065,8.4,10.4,29.0,37.7
19067,9.0,12.1,28.6,31.0
19069,9.0,10.2,29.1,32.6
19071,8.7,9.5,29.3,32.9
19073,8.9,10.4,28.4,29.6
19075,8.6,11.0,28.0,31.7
19077,8.2,9.4,28.1,35.9
19079,8.2,10.3,28.7,30.6
19081,8.9,9.9,29.8,35.4
19083,8.8,10.5,28.3,34.8
19085,8.4,11.7,29.2,32.3
19087,8.0,11.5,28.4,34.6
19089,8.6,10.3,27.6,31.1
19091,8.7,9.7,28.3,31.8
19093,8.8,10.1,28.4,28.2
19095,8.7,8.7,29.7,30.7
19097,8.2,11.7,29.0,33.1
19099,8.6,9.7,31.6,32.2
19101,8.3,10.6,29.0,27.5
19103,5.6,5.4,23.4,23.0
19105,7.9,10.2,28.3,37.6
19107,8.6,11.0,28.3,29.9
19109,8.8,11.0,27.4,32.7
19111,8.3,11.1,28.5,31.9
19113,8.0,10.3,29.2,31.0
19115,8.2,9.8,29.2,37.4
19117,8.1,11.6,28.8,33.8
19119,8.0,9.3,27.1,31.9
19121,8.0,10.0,28.5,34.2
19123,8.1,10.1,28.2,31.9
19125,8.2,9.8,29.8,33.1
19127,8.6,10.7,29.9,34.7
19129,7.6,10.9,28.7,34.7
19131,8.7,9.7,28.5,30.3
19133,9.1,11.8,27.5,32.8
19135,8.4,10.7,28.0,32.4
19137,9.3,10.5,28.4,37.6
19139,7.3,9.2,30.2,34.2
19141,9.1,9.6,28.5,31.6
19143,8.4,11.5,28.1,34.4
19145,9.0,12.0,29.2,35.3
19147,9.0,10.6,28.1,35.7
19149,8.1,9.8,29.4,32.2
19151,9.8,11.9,28.8,31.9
19153,8.1,8.6,27.1,29.2
19155,7.6,11.5,29.5,36.0
19157,8.5,10.5,28.6,32.1
19159,9.3,11.4,27.9,34.9
19161,9.5,10.4,29.0,33.0
19163,7.7,8.7,26.5,31.8
19165,8.9,11.0,27.9,29.4
19167,7.2,8.9,26.7,29.0
19169,5.9,6.7,26.2,27.1
19171,8.8,9.9,27.7,31.3
19173,8.7,10.2,28.0,30.9
19175,8.5,11.8,26.9,37.8
19177,8.4,9.9,28.2,35.7
19179,9.1,12.8,28.7,35.6
19181,7.3,10.4,31.9,31.1
19183,7.9,9.4,28.7,31.5
19185,9.0,11.6,29.1,33.3
19187,8.7,10.0,29.0,31.1
19189,8.5,9.7,28.0,28.6
19191,8.0,7.9,26.9,25.4
19193,9.0,10.1,29.6,34.3
19195,8.4,11.9,29.2,33.7
19197,9.1,10.7,27.9,34.4
20001,9.9,10.9,31.4,34.2
20003,9.4,9.8,29.6,33.3
20005,8.9,8.7,31.6,33.1
20007,10.0,9.1,30.8,36.7
20009,10.5,9.5,31.3,35.4
20011,8.7,13.0,30.6,33.9
20013,10.2,11.7,30.6,29.6
20015,9.3,9.9,30.5,31.9
20017,9.4,11.9,30.7,28.3
20019,10.7,12.6,29.9,34.1
20021,9.9,12.2,30.9,37.0
20023,10.6,13.7,29.2,33.5
20025,10.7,11.8,29.7,31.2
20027,9.5,14.1,30.0,36.2
20029,11.1,12.6,29.9,29.9
20031,9.2,9.9,30.7,30.5
20033,10.6,11.1,29.9,33.6
20035,8.9,11.2,30.4,36.0
20037,9.0,11.5,31.0,33.0
20039,11.2,12.5,30.1,36.1
20041,9.6,11.0,30.6,31.9
20043,9.9,9.7,30.0,32.1
20045,6.2,6.5,26.6,24.2
20047,9.7,10.6,30.0,32.9
20049,10.9,12.4,29.9,32.5
20051,7.7,8.9,29.6,31.6
20053,9.6,11.7,29.4,33.3
20055,7.9,9.5,32.1,35.2
20057,8.0,8.7,31.2,30.6
20059,8.9,8.9,31.4,33.8
20061,8.7,7.9,28.2,32.7
20063,11.7,11.9,29.5,30.2
20065,11.3,11.1,29.3,28.9
20067,8.7,7.8,30.7,35.6
20069,8.9,9.3,30.2,36.0
20071,10.2,10.7,31.1,32.6
20073,10.0,12.8,29.8,32.7
20075,9.2,8.9,29.8,37.1
20077,10.4,11.0,29.8,34.2
20079,8.8,10.3,28.6,31.0
20081,8.4,9.8,30.3,33.9
20083,10.1,13.7,31.3,32.0
20085,9.4,10.4,30.4,33.4
20087,9.8,10.0,32.1,29.9
20089,11.2,13.0,29.6,29.6
20091,6.5,7.5,23.4,24.8
20093,9.2,9.8,30.1,28.7
20095,10.5,13.5,29.7,32.2
20097,11.6,10.3,29.7,32.8
20099,9.7,11.3,30.9,34.0
20101,10.2,11.8,29.8,30.8
20103,9.1,10.3,30.8,32.8
20105,10.0,10.4,29.8,31.2
20107,9.3,12.0,29.7,31.6
20109,10.7,13.5,30.4,31.1
20111,8.5,10.4,29.7,34.7
20113,9.5,9.5,28.8,29.2
20115,10.2,9.4,30.4,30.9
20117,9.8,9.5,31.2,32.6
20119,9.4,9.5,30.2,27.0
20121,8.5,11.0,29.2,34.1
20123,10.1,12.4,29.3,32.1
20125,10.2,14.3,30.4,35.1
20127,10.8,12.3,30.1,35.1
20129,9.5,11.1,29.3,31.9
20131,10.0,8.9,28.6,30.4
20133,10.0,12.2,31.5,33.5
20135,11.1,10.8,28.8,31.1
20137,9.0,10.7,29.6,32.4
20139,9.0,11.5,32.2,37.1
20141,11.0,12.1,30.4,33.2
20143,9.4,12.1,29.7,37.9
20145,9.7,12.8,30.2,30.3
20147,10.8,11.2,29.8,28.8
20149,8.3,10.5,29.9,31.3
20151,9.5,11.7,30.9,33.8
20153,11.0,12.3,29.8,32.3
20155,10.1,11.9,31.4,35.7
20157,11.1,10.8,30.4,30.9
20159,9.3,11.3,30.7,32.6
20161,6.4,5.6,26.3,23.8
20163,9.9,10.5,29.3,32.8
20165,10.7,11.2,29.1,32.6
20167,10.6,11.6,29.2,30.4
20169,8.7,11.3,32.3,35.1
20171,9.7,9.7,30.6,32.1
20173,9.3,10.8,29.1,31.4
20175,7.5,8.3,33.4,38.6
20177,9.5,10.7,30.6,32.9
20179,10.6,11.8,29.2,31.5
20181,10.2,9.4,29.6,29.9
20183,11.1,10.6,29.3,34.1
20185,10.6,11.9,30.6,32.5
20187,9.7,11.1,30.4,31.3
20189,9.4,10.0,29.4,34.8
20191,9.6,11.1,31.1,31.1
20193,9.1,8.7,30.9,35.0
20195,10.4,11.1,29.8,29.7
20197,8.9,9.7,29.7,30.9
20199,10.8,11.7,30.3,33.1
20201,10.5,12.7,28.9,30.7
20203,10.0,10.8,30.2,29.4
20205,10.2,13.6,30.1,32.9
20207,10.6,11.7,29.5,33.4
20209,10.9,11.9,35.8,36.2
21001,12.9,15.1,32.6,34.3
21003,11.2,13.7,32.2,33.9
21005,10.4,12.2,31.8,34.6
21007,11.9,13.2,29.7,34.2
21009,12.3,13.4,28.6,31.0
21011,12.5,14.1,31.0,30.4
21013,13.9,14.6,33.1,37.9
21015,8.6,11.9,29.8,32.5
21017,12.9,13.8,34.6,34.1
21019,14.3,15.7,33.6,38.5
21021,11.6,11.2,29.6,32.2
21023,12.0,14.6,31.7,32.4
21025,15.7,15.7,37.5,41.6
21027,11.1,14.8,29.7,36.6
21029,10.0,13.2,32.3,32.8
21031,11.8,14.1,33.2,33.2
21033,12.4,12.6,34.5,35.0
21035,10.4,10.3,28.8,30.1
21037,9.9,10.9,29.0,31.6
21039,12.3,13.1,32.1,33.4
21041,11.3,12.5,31.1,35.3
21043,10.4,14.3,32.8,38.9
21045,14.1,14.4,34.6,36.4
21047,11.5,10.8,29.4,36.5
21049,11.1,12.4,29.0,30.6
21051,11.8,14.1,32.1,38.0
21053,12.4,12.7,31.1,34.9
21055,10.7,13.9,30.6,33.8
21057,13.0,13.6,32.0,31.8
21059,11.8,11.3,30.3,30.4
21061,12.9,16.1,32.2,31.2
21063,12.1,13.2,30.8,33.7
21065,12.4,14.6,31.1,35.1
21067,9.7,9.0,29.0,27.3
21069,10.5,13.5,31.3,34.5
21071,13.5,13.4,35.8,37.6
21073,10.9,13.4,31.3,33.2
21075,12.5,14.6,31.7,32.0
21077,11.0,12.6,31.3,35.8
21079,12.1,12.8,31.2,30.5
21081,9.5,12.7,32.7,36.3
21083,11.7,10.7,32.2,30.1
21085,12.4,14.7,29.8,36.5
21087,12.0,13.3,29.8,38.1
21089,13.5,14.4,32.0,39.8
21091,10.8,13.9,30.4,34.5
21093,12.1,11.6,29.4,32.9
21095,14.5,16.9,30.4,36.5
21097,11.8,13.1,31.9,30.1
21099,10.8,13.1,32.7,37.1
21101,12.4,14.0,32.3,32.6
21103,12.2,11.4,32.5,31.6
21105,12.9,14.1,30.9,35.2
21107,11.0,13.3,33.1,35.0
21109,11.1,13.7,33.1,37.5
21111,11.9,11.9,31.8,31.6
21113,11.8,9.3,28.1,31.5
21115,12.2,15.3,34.2,37.2
21117,9.9,10.8,27.7,28.5
21119,14.3,16.1,31.5,40.2
21121,12.2,16.2,33.5,39.3
21123,12.6,13.7,30.3,33.6
21125,13.9,14.2,35.0,37.8
21127,11.7,17.7,33.6,42.2
21129,12.4,16.0,32.3,33.9
21131,14.0,16.0,32.8,43.2
21133,15.2,17.5,35.7,38.6
21135,11.7,14.6,33.8,38.3
21137,11.5,12.3,36.0,30.8
21139,12.1,12.3,29.3,29.7
21141,11.6,11.8,31.4,35.2
21143,11.8,14.3,32.8,33.3
21145,11.6,11.5,30.1,33.7
21147,12.9,15.6,31.4,34.3
21149,13.4,17.5,31.3,36.8
21151,9.4,10.5,30.4,32.2
21153,11.6,13.4,30.4,33.7
21155,11.2,11.1,31.1,30.6
21157,10.5,11.1,32.3,34.1
21159,11.8,13.9,36.1,39.3
21161,12.1,13.0,31.2,30.1
21163,11.3,11.6,33.9,35.9
21165,13.6,12.3,32.2,33.3
21167,13.0,12.2,31.1,35.8
21169,11.5,15.7,30.5,33.8
21171,10.8,13.3,32.0,29.9
21173,12.1,13.3,31.9,32.2
21175,11.6,14.7,34.1,35.5
21177,12.2,12.4,31.2,37.8
21179,10.5,11.3,28.2,32.4
21181,12.2,12.5,33.2,32.5
21183,13.0,16.0,31.1,37.2
21185,9.6,10.3,29.3,28.0
21187,11.2,11.4,30.7,30.0
21189,12.2,13.1,29.7,33.6
21191,11.0,15.0,32.3,32.4
21193,12.9,14.5,36.0,37.0
21195,15.7,16.1,35.7,38.9
21197,14.4,13.4,34.0,36.3
21199,11.2,13.4,30.0,33.6
21201,11.6,13.7,33.1,34.6
21203,10.3,13.2,31.7,36.0
21205,10.3,11.1,33.9,34.4
21207,12.3,12.2,31.9,34.6
21209,9.9,10.6,32.6,29.4
21211,10.4,11.6,32.6,33.0
21213,12.5,11.6,31.4,35.4
21215,10.2,12.3,32.1,30.3
21217,12.2,14.0,30.7,35.4
21219,11.1,12.2,32.3,33.7
21221,11.5,13.8,31.4,33.4
21223,11.1,12.8,32.0,34.0
21225,12.3,11.6,33.8,30.7
21227,9.8,9.2,29.3,31.6
21229,11.7,13.2,29.1,32.9
21231,12.2,14.2,31.2,37.1
21233,12.0,13.9,33.4,35.6
21235,13.2,13.5,31.8,36.3
21237,12.2,12.6,31.5,32.3
21239,10.6,12.4,30.9,29.5
22001,10.3,12.9,31.0,33.1
22003,12.5,11.2,33.8,34.4
22005,9.0,11.0,31.1,31.3
22007,11.6,14.4,32.8,34.8
22009,11.8,14.2,34.3,37.0
22011,11.5,12.6,30.8,35.8
22013,13.5,14.0,36.4,38.2
22015,11.2,12.0,29.2,34.7
22017,12.7,12.0,31.2,34.3
22019,12.0,11.6,33.7,32.3
22021,11.1,12.1,31.2,36.3
22023,10.9,11.7,30.4,31.5
22025,12.9,11.0,32.1,35.3
22027,12.6,12.0,32.7,37.0
22029,12.1,14.5,33.1,38.3
22031,12.9,14.1,34.4,38.9
22033,10.8,11.6,29.6,32.9
22035,13.5,16.3,36.1,42.1
22037,12.5,17.2,34.5,42.1
22039,11.4,12.3,31.6,41.9
22041,12.1,13.5,34.6,38.0
22043,11.4,12.0,32.1,33.8
22045,12.6,12.9,33.2,36.1
22047,12.1,12.7,33.4,39.7
22049,10.9,13.6,29.8,34.8
22051,12.2,11.6,30.6,35.4
22053,12.8,13.2,34.7,36.3
22055,8.8,10.1,27.8,31.1
22057,12.3,10.9,34.5,36.9
22059,11.6,12.6,31.3,33.2
22061,10.8,10.2,32.4,37.3
22063,9.6,12.4,29.8,34.4
22065,12.8,11.1,34.6,41.8
22067,12.7,16.0,35.1,39.4
22069,11.9,13.0,33.8,34.7
22071,12.1,11.9,29.5,31.9
22073,12.2,11.8,32.0,35.7
22075,12.5,10.6,33.1,33.5
22077,13.2,11.5,32.7,35.3
22079,12.7,13.2,31.2,35.7
22081,12.7,13.0,34.2,40.3
22083,11.8,13.8,36.0,37.1
22085,12.9,14.8,34.6,39.1
22087,11.3,13.8,31.1,35.5
22089,10.3,11.3,32.2,35.9
22091,13.7,15.8,35.3,40.6
22093,12.4,14.6,33.9,37.0
22095,12.4,14.4,39.3,35.8
22097,14.0,13.9,33.9,39.6
22099,11.9,10.7,33.2,34.2
22101,12.6,15.0,35.2,38.0
22103,9.1,9.6,27.1,27.8
22105,11.2,11.9,34.6,39.1
22107,14.5,16.3,35.2,34.8
22109,12.4,11.7,36.7,39.5
22111,13.2,15.6,33.9,34.4
22113,11.7,10.9,31.7,31.2
22115,10.2,12.3,33.8,36.6
22117,13.8,15.0,34.5,37.4
22119,14.0,12.9,33.9,35.8
22121,11.5,14.2,31.9,40.2
22123,13.0,15.5,31.0,36.0
22125,11.5,12.2,34.6,34.5
22127,11.2,12.5,32.1,37.7
23001,9.1,11.2,30.5,33.2
23003,12.1,13.3,28.9,34.1
23005,7.4,7.9,20.9,22.7
23007,7.9,9.4,26.0,30.2
23009,8.0,8.5,24.8,24.3
23011,9.2,10.8,28.8,30.9
23013,8.7,7.5,23.9,23.1
23015,7.7,9.0,22.6,24.6
23017,8.7,10.9,26.7,31.4
23019,9.4,10.5,28.6,30.3
23021,9.5,12.3,31.2,33.3
23023,8.4,9.4,26.5,25.1
23025,11.0,11.5,34.5,35.0
23027,9.5,9.8,26.0,28.3
23029,10.7,11.4,28.5,28.5
23031,8.0,9.7,23.9,27.6
24001,13.6,12.8,29.0,32.3
24003,8.5,9.3,26.3,29.1
24005,9.1,10.4,27.1,28.8
24009,8.9,9.1,27.3,29.7
24011,12.0,11.9,31.6,35.0
24013,8.6,9.5,27.2,27.9
24015,9.2,11.2,29.4,33.7
24017,9.9,11.4,31.4,36.0
24019,12.1,15.5,33.6,35.7
24021,8.5,9.0,26.3,29.1
24023,11.7,12.2,28.5,30.6
24025,8.7,9.4,26.4,27.9
24027,7.5,7.5,24.9,21.7
24029,10.7,9.9,26.8,28.1
24031,7.3,7.6,19.3,20.1
24033,10.9,11.8,32.4,33.4
24035,8.4,9.9,25.9,28.9
24037,9.7,11.0,29.7,32.0
24039,11.9,13.7,36.2,42.2
24041,9.6,11.4,24.7,29.3
24043,10.4,12.8,29.6,33.8
24045,10.2,12.3,31.7,35.9
24047,9.7,13.6,27.5,29.4
24510,12.2,12.3,31.7,33.7
25001,8.1,8.6,19.3,19.9
25003,8.9,9.7,23.2,23.7
25005,10.4,11.1,27.5,28.3
25007,8.9,8.0,18.4,22.0
25009,8.7,10.3,23.4,25.5
25011,7.5,8.3,23.5,21.0
25013,9.8,11.1,27.4,27.5
25015,7.2,6.8,21.3,18.9
25017,8.0,8.3,22.1,22.6
25019,7.4,8.1,20.7,20.0
25021,7.4,8.6,19.4,20.5
25023,7.9,10.7,22.1,27.8
25025,7.9,7.5,21.3,21.3
25027,8.2,9.7,24.3,27.0
26001,11.6,14.0,29.3,31.1
26003,10.0,11.0,30.1,29.8
26005,8.7,10.3,28.8,30.2
26007,10.2,11.4,29.6,32.1
26009,10.3,12.9,30.3,32.2
26011,10.3,14.6,31.0,34.0
26013,10.9,11.0,31.6,32.5
26015,9.0,9.6,32.0,31.2
26017,10.1,11.3,32.3,35.4
26019,10.4,12.6,30.0,28.7
26021,10.4,12.5,30.3,34.8
26023,9.3,10.0,31.5,31.8
26025,10.2,12.5,32.0,33.9
26027,9.7,12.2,30.7,35.3
26029,10.1,10.0,29.6,28.6
26031,10.7,12.1,32.1,33.2
26033,10.0,12.1,32.2,34.6
26035,9.9,11.9,30.0,33.8
26037,9.2,10.6,29.9,31.6
26039,9.9,11.1,30.3,30.4
26041,10.7,12.3,30.1,32.1
26043,10.1,12.7,29.0,30.1
26045,9.0,11.4,30.5,35.7
26047,9.3,9.2,30.8,29.8
26049,11.3,12.2,35.1,33.0
26051,10.9,13.8,30.3,34.7
26053,10.3,11.4,30.2,31.3
26055,8.5,9.0,28.6,26.8
26057,9.5,9.9,32.8,33.6
26059,9.4,11.0,29.5,32.0
26061,9.3,9.7,28.4,30.7
26063,10.1,10.8,30.0,31.5
26065,8.4,9.2,29.5,30.4
26067,8.6,10.3,31.1,38.0
26069,10.7,12.9,31.9,33.2
26071,10.9,13.0,29.3,29.1
26073,7.6,8.5,29.8,30.9
26075,9.7,11.3,32.8,33.7
26077,9.6,7.8,29.5,30.6
26079,9.9,13.0,29.8,31.6
26081,8.6,9.2,29.1,28.7
26083,11.1,12.6,29.9,30.9
26085,11.7,13.0,31.9,32.0
26087,9.1,10.7,32.0,30.3
26089,10.7,12.7,30.8,26.6
26091,9.4,11.2,31.4,30.8
26093,8.1,9.0,26.9,29.6
26095,10.2,12.0,31.1,32.6
26097,12.2,13.1,30.9,31.1
26099,9.4,9.9,30.1,33.3
26101,10.1,11.1,28.8,34.6
26103,9.0,10.1,30.6,29.2
26105,10.0,11.3,30.4,29.9
26107,8.9,10.2,29.8,35.0
26109,10.2,10.7,30.0,34.4
26111,9.5,9.5,30.7,30.5
26113,10.1,11.7,31.6,32.2
26115,10.1,11.1,32.0,33.8
26117,9.5,11.2,31.7,34.0
26119,11.6,12.5,29.7,28.9
26121,10.5,12.4,31.8,35.8
26123,10.4,10.6,30.7,34.0
26125,9.5,9.3,26.4,26.3
26127,9.6,13.0,31.1,34.8
26129,10.4,13.6,30.3,35.6
26131,11.7,13.3,30.4,33.0
26133,9.6,11.4,30.5,34.2
26135,10.9,13.0,30.6,33.5
26137,9.1,11.0,29.6,33.3
26139,8.3,7.8,26.6,27.6
26141,11.6,14.0,29.7,32.3
26143,11.2,14.4,31.5,34.2
26145,11.1,12.8,35.7,38.9
26147,8.7,11.2,30.0,33.0
26149,9.8,10.8,30.4,34.7
26151,10.0,10.2,32.1,31.3
26153,11.2,12.6,31.3,31.3
26155,9.4,11.3,30.1,32.4
26157,9.2,12.6,29.3,32.6
26159,9.7,11.8,29.6,33.5
26161,8.2,7.6,26.5,24.4
26163,11.7,12.0,33.7,33.5
26165,9.3,11.2,31.1,30.2
27001,9.1,11.5,27.2,29.9
27003,7.3,8.0,28.6,30.0
27005,8.0,8.9,28.2,32.6
27007,7.3,9.3,28.9,30.9
27009,6.2,7.9,27.0,29.3
27011,8.9,9.4,27.5,28.7
27013,6.4,6.8,27.0,33.7
27015,8.0,8.9,28.0,30.1
27017,7.5,9.5,28.2,30.1
27019,6.0,6.8,26.8,23.0
27021,7.9,10.2,27.7,26.5
27023,7.9,9.3,28.5,29.9
27025,6.4,8.4,27.9,29.8
27027,6.8,6.4,27.9,28.4
27029,8.1,10.0,27.5,31.0
27031,8.1,9.2,28.0,28.9
27033,8.2,10.2,27.9,31.7
27035,7.2,10.4,27.5,29.0
27037,6.5,6.9,26.9,26.6
27039,6.8,8.3,27.8,24.9
27041,7.7,7.6,26.6,30.0
27043,8.5,8.8,27.8,27.0
27045,7.8,8.5,28.4,25.1
27047,7.9,8.0,28.4,29.9
27049,7.7,9.8,28.7,32.2
27051,8.3,9.2,27.6,32.0
27053,6.1,6.8,22.5,22.8
27055,7.6,9.3,26.9,25.7
27057,8.3,8.2,27.3,24.9
27059,6.2,7.8,27.3,28.0
27061,7.9,8.9,27.8,32.2
27063,8.1,9.5,28.2,31.5
27065,7.4,10.2,28.0,29.9
27067,7.0,8.1,26.3,29.1
27069,8.7,9.7,28.0,27.8
27071,8.7,11.1,27.1,28.0
27073,8.5,10.1,27.2,28.8
27075,8.2,9.5,27.3,30.3
27077,8.5,9.4,27.9,30.4
27079,7.1,8.4,27.9,32.4
27081,8.7,9.3,27.2,28.3
27083,7.0,8.3,28.6,28.7
27085,7.0,9.2,27.7,31.1
27087,9.5,11.2,28.2,32.6
27089,8.0,9.7,28.0,29.7
27091,8.3,9.7,28.3,32.2
27093,7.9,10.6,28.7,30.4
27095,7.6,11.6,26.1,35.9
27097,7.2,8.2,28.9,34.3
27099,7.7,8.4,27.9,30.8
27101,8.3,11.3,27.8,29.8
27103,6.7,7.7,27.7,29.9
27105,7.9,7.8,27.6,28.8
27107,8.5,9.1,27.6,28.2
27109,6.4,7.0,27.3,25.6
27111,8.0,10.3,28.0,29.4
27113,7.5,8.3,27.8,27.5
27115,7.6,10.6,28.9,36.2
27117,8.3,9.3,27.4,28.4
27119,8.0,9.6,27.7,33.5
27121,8.0,9.5,27.3,32.1
27123,7.7,8.2,25.6,25.8
27125,7.7,8.7,27.8,32.8
27127,8.2,9.1,27.7,32.6
27129,7.8,8.2,28.9,29.5
27131,6.5,7.3,26.3,31.5
27133,7.9,9.5,28.1,28.4
27135,6.9,9.3,29.2,29.3
27137,7.3,9.8,27.7,27.1
27139,5.5,5.7,28.2,24.6
27141,6.1,7.1,27.4,28.8
27143,7.3,8.9,28.1,33.3
27145,6.4,7.6,27.2,27.6
27147,6.7,8.0,29.1,30.5
27149,7.4,7.9,27.3,33.5
27151,7.8,8.6,28.0,28.6
27153,7.6,8.1,28.9,30.4
27155,9.4,11.3,27.1,32.1
27157,7.2,7.7,25.9,32.2
27159,8.1,10.0,27.7,29.2
27161,6.9,6.8,28.5,33.7
27163,6.2,8.2,25.8,26.1
27165,8.2,7.9,27.5,26.9
27167,7.6,9.3,27.8,28.5
27169,6.8,8.1,28.9,28.9
27171,5.7,8.3,26.1,28.0
27173,8.2,9.2,26.9,29.0
28001,14.7,13.9,37.4,37.7
28003,12.1,14.3,31.2,37.9
28005,12.9,17.6,36.7,42.3
28007,13.5,15.4,36.9,39.2
28009,12.7,15.9,34.3,37.0
28011,13.4,16.5,38.5,37.5
28013,13.1,14.7,32.5,35.8
28015,12.9,16.8,33.9,34.2
28017,12.9,15.2,35.8,33.4
28019,13.3,15.8,34.5,31.7
28021,14.8,17.0,40.8,47.6
28023,12.1,14.9,33.3,34.8
28025,14.1,14.6,35.3,35.3
28027,15.9,16.8,42.7,42.9
28029,13.4,15.0,37.8,37.4
28031,13.6,16.3,37.8,36.3
28033,10.9,12.8,32.2,35.9
28035,11.5,11.1,34.7,34.4
28037,12.6,16.1,37.0,35.6
28039,10.4,13.1,34.6,34.2
28041,10.8,13.0,35.4,38.5
28043,13.4,14.5,36.1,38.9
28045,12.4,13.6,34.0,31.9
28047,12.6,13.4,32.7,32.3
28049,11.7,12.4,33.1,34.9
28051,15.6,17.5,42.2,46.1
28053,15.7,17.3,42.1,41.6
28055,13.4,15.5,37.6,34.4
28057,13.1,12.8,31.4,34.5
28059,12.6,14.3,33.7,32.0
28061,15.8,16.8,36.7,37.9
28063,15.3,16.9,41.8,44.5
28065,13.6,15.6,36.4,39.4
28067,13.2,14.6,36.9,38.4
28069,15.2,15.9,38.2,36.9
28071,10.1,10.4,32.0,34.3
28073,9.4,10.8,31.7,32.8
28075,13.2,13.3,34.5,32.3
28077,14.5,15.9,34.3,36.8
28079,12.6,13.5,35.0,40.9
28081,12.2,13.7,32.0,33.0
28083,14.0,16.1,38.3,44.0
28085,12.3,12.9,36.8,39.1
28087,14.4,13.6,34.7,34.3
28089,10.6,10.2,30.1,28.6
28091,12.6,13.6,33.5,34.2
28093,13.9,15.5,38.6,39.1
28095,12.8,14.2,34.4,38.0
28097,14.4,14.4,34.9,38.3
28099,13.4,13.4,32.5,37.5
28101,11.9,15.6,36.2,34.8
28103,14.1,17.7,37.2,40.6
28105,9.0,10.2,31.1,34.2
28107,13.7,14.5,34.3,36.0
28109,12.6,12.7,31.6,33.7
28111,11.9,11.8,34.6,37.2
28113,15.2,15.6,38.5,37.2
28115,10.5,13.5,32.6,31.1
28117,12.4,16.3,32.0,33.1
28119,14.4,15.4,39.8,41.5
28121,10.8,11.1,32.1,31.5
28123,14.4,15.1,36.0,33.7
28125,14.8,17.1,39.0,37.5
28127,12.4,13.9,33.4,37.7
28129,12.3,14.4,32.1,36.8
28131,11.7,12.4,34.1,35.8
28133,14.2,15.2,40.7,42.2
28135,15.4,15.3,36.7,39.6
28137,12.1,16.7,35.1,37.4
28139,13.4,12.8,31.6,33.9
28141,11.6,15.0,25.8,36.6
28143,14.2,16.2,41.7,40.7
28145,10.8,11.3,32.3,33.2
28147,13.8,17.0,38.7,38.3
28149,13.0,15.0,35.7,32.7
28151,13.5,14.9,36.8,38.9
28153,11.9,15.5,34.3,38.2
28155,12.7,14.7,31.4,33.9
28157,14.7,18.1,37.9,39.9
28159,14.6,15.0,35.6,36.4
28161,13.7,18.2,36.7,38.6
28163,12.6,14.3,36.5,38.8
29001,8.0,9.0,28.8,29.0
29003,9.3,9.9,30.4,29.3
29005,10.7,12.2,29.0,29.8
29007,9.4,11.7,30.3,34.7
29009,9.3,11.0,29.3,32.4
29011,9.6,13.9,29.4,35.3
29013,9.5,11.3,29.2,32.1
29015,10.7,13.9,29.4,31.2
29017,9.3,10.9,30.5,33.1
29019,7.3,7.5,29.1,28.4
29021,10.1,11.6,34.2,32.6
29023,10.1,11.7,30.7,35.1
29025,9.7,13.2,30.6,37.2
29027,9.2,10.0,31.4,34.3
29029,9.9,10.6,28.0,28.5
29031,9.0,11.3,29.8,31.9
29033,10.0,11.2,29.5,35.4
29035,9.8,11.2,29.4,31.1
29037,8.7,10.8,29.9,30.3
29039,10.4,13.0,29.5,31.0
29041,11.5,11.5,28.8,30.4
29043,7.8,10.5,28.2,29.1
29045,9.4,11.1,30.4,34.3
29047,8.7,10.4,29.9,29.3
29049,9.5,10.9,30.5,34.5
29051,8.7,10.1,28.1,30.7
29053,8.9,11.0,30.5,35.4
29055,9.0,10.4,30.4,32.4
29057,10.3,13.3,29.4,34.3
29059,9.1,12.1,30.3,33.7
29061,9.4,10.5,30.3,32.6
29063,8.2,12.1,30.8,36.1
29065,9.6,13.6,29.6,34.6
29067,9.8,11.9,29.7,32.5
29069,10.6,11.4,31.5,32.0
29071,8.6,10.5,30.1,30.4
29073,10.0,12.4,29.7,35.0
29075,10.7,11.9,29.2,28.7
29077,8.4,8.8,29.2,32.0
29079,10.0,10.6,28.5,32.6
29081,10.3,12.8,29.6,34.1
29083,9.9,11.8,29.9,29.5
29085,11.1,13.1,28.7,29.2
29087,10.5,11.5,30.2,32.5
29089,9.5,10.0,29.7,33.9
29091,10.1,12.3,29.6,31.5
29093,9.8,11.3,31.8,35.1
29095,9.2,11.2,31.2,31.0
29097,8.4,10.8,31.2,34.5
29099,9.2,10.6,30.9,30.4
29101,8.2,9.8,31.2,30.9
29103,10.4,10.9,29.0,31.7
29105,8.8,11.7,30.2,31.1
29107,9.7,11.9,29.9,29.1
29109,9.3,10.0,29.6,30.0
29111,9.3,10.8,29.3,35.5
29113,8.4,11.5,31.0,31.5
29115,10.1,12.2,30.5,30.6
29117,10.3,10.0,28.6,28.8
29119,8.8,10.3,30.5,28.1
29121,10.3,12.6,29.0,32.8
29123,9.5,11.2,30.1,34.3
29125,9.5,12.4,30.6,33.7
29127,9.4,12.5,29.4,37.3
29129,10.5,11.5,29.5,33.4
29131,9.1,11.7,28.9,30.8
29133,10.2,12.6,30.6,31.9
29135,9.2,9.6,29.6,28.3
29137,9.8,12.6,29.9,30.8
29139,10.0,11.8,29.3,33.9
29141,10.1,11.3,28.1,28.3
29143,10.1,12.2,31.2,33.1
29145,9.7,9.3,29.3,32.0
29147,8.0,10.6,28.9,29.7
29149,10.3,10.3,30.6,32.4
29151,9.0,11.3,29.8,33.3
29153,10.1,15.1,29.4,33.4
29155,10.6,13.1,32.9,34.4
29157,9.2,10.9,30.3,33.0
29159,9.3,12.4,30.2,36.5
29161,8.7,11.4,29.4,27.0
29163,9.0,11.3,30.0,28.8
29165,8.5,11.3,29.0,30.8
29167,9.6,11.4,29.4,29.4
29169,8.2,8.5,32.7,28.4
29171,10.4,11.8,29.6,31.9
29173,9.3,13.0,29.6,32.6
29175,9.5,12.0,31.6,33.0
29177,10.1,11.5,30.8,34.8
29179,10.3,12.2,29.4,32.6
29181,9.9,11.2,29.1,34.3
29183,8.1,8.4,29.1,25.0
29185,10.6,12.4,29.2,28.6
29186,9.1,10.5,30.5,30.1
29187,9.2,12.2,31.1,32.8
29189,9.0,10.8,28.5,29.0
29195,9.5,11.0,30.1,37.6
29197,10.4,11.4,29.7,30.3
29199,9.0,10.0,30.7,31.2
29201,9.4,12.6,30.8,36.5
29203,9.7,12.2,30.1,29.7
29205,10.4,11.5,29.7,33.1
29207,9.7,13.6,28.8,32.8
29209,10.2,13.0,28.4,33.2
29211,9.8,11.4,29.3,35.7
29213,9.4,10.8,31.3,30.9
29215,9.7,13.0,30.3,32.6
29217,9.7,13.2,30.6,30.3
29219,9.0,11.8,30.7,28.4
29221,9.2,14.1,31.3,33.6
29223,11.0,13.6,30.3,36.1
29225,8.5,9.8,30.2,33.8
29227,10.7,12.5,28.8,30.2
29229,9.2,10.7,30.5,31.4
29510,11.2,13.5,33.4,33.8
30001,8.7,7.7,21.4,24.2
30003,11.6,13.4,33.7,38.8
30005,10.6,11.9,33.7,35.6
30007,7.6,8.8,23.5,30.4
30009,7.4,9.0,27.0,24.0
30011,8.1,9.3,24.0,25.0
30013,8.1,9.1,24.3,28.2
30015,8.9,8.1,26.1,26.2
30017,7.9,9.9,24.7,30.6
30019,8.6,9.0,23.0,25.5
30021,8.9,9.6,26.2,30.9
30023,7.6,9.9,25.1,25.9
30025,7.5,7.6,26.8,27.7
30027,8.4,9.2,23.4,26.0
30029,6.3,7.1,21.9,23.1
30031,3.6,4.3,17.3,15.5
30033,7.8,8.3,26.1,25.9
30035,11.2,13.5,31.1,34.2
30037,7.7,9.7,24.4,24.4
30039,7.8,9.1,24.7,29.0
30041,8.2,11.1,30.4,33.4
30043,7.5,8.6,22.7,27.5
30045,7.7,8.7,23.8,28.8
30047,8.4,10.8,26.4,27.7
30049,7.5,7.7,22.2,24.3
30051,8.4,8.9,24.6,26.5
30053,8.9,11.7,22.8,28.8
30055,7.9,9.4,23.2,23.8
30057,6.5,9.4,21.2,21.7
30059,8.0,8.9,25.5,23.9
30061,8.3,10.8,25.3,27.7
30063,5.0,5.2,19.6,22.2
30065,8.4,9.6,21.3,27.5
30067,7.0,7.6,18.2,22.6
30069,8.7,9.5,22.0,24.6
30071,8.4,9.8,21.9,29.0
30073,8.6,10.4,27.6,29.4
30075,8.2,7.5,23.7,27.3
30077,7.5,10.1,24.6,28.0
30079,8.5,10.0,26.2,26.2
30081,6.3,8.9,19.5,23.3
30083,8.2,7.6,27.5,30.7
30085,11.8,12.8,30.6,36.9
30087,9.5,11.7,39.6,35.6
30089,8.5,11.1,24.2,26.8
30091,8.5,10.3,26.8,29.8
30093,8.2,8.3,23.1,25.5
30095,6.5,7.8,22.6,21.8
30097,7.7,9.9,21.1,24.3
30099,7.3,8.8,26.8,26.7
30101,6.6,8.6,27.4,26.5
30103,7.7,9.9,24.3,25.6
30105,8.9,9.8,24.8,29.2
30107,7.6,9.8,26.1,25.3
30109,7.8,9.2,21.6,26.6
30111,8.1,8.4,25.8,25.1
31001,8.2,10.8,28.7,33.0
31003,8.9,10.6,28.8,27.6
31005,7.7,8.3,28.4,29.7
31007,9.4,13.1,29.5,33.5
31009,10.2,9.1,28.6,29.1
31011,9.4,9.4,28.2,31.6
31013,8.6,11.8,31.0,33.9
31015,9.4,13.9,28.5,34.2
31017,9.9,10.3,28.8,30.2
31019,6.8,6.7,29.5,30.1
31021,9.7,10.3,29.3,31.0
31023,8.2,9.0,29.2,32.0
31025,8.2,8.9,28.0,35.4
31027,8.4,8.8,27.6,28.3
31029,8.8,10.2,28.1,30.6
31031,8.8,8.3,28.5,26.2
31033,7.8,7.6,27.7,31.5
31035,9.4,9.5,31.5,32.9
31037,8.0,8.5,28.7,31.5
31039,8.3,8.8,29.0,29.7
31041,8.6,9.7,30.7,32.0
31043,8.6,9.2,33.7,35.8
31045,7.9,9.5,27.6,27.3
31047,8.6,9.4,29.9,33.8
31049,9.1,9.7,28.5,30.1
31051,8.8,10.2,30.8,31.5
31053,8.7,10.0,29.3,32.7
31055,7.9,8.8,27.7,27.8
31057,10.8,10.8,29.9,35.3
31059,9.1,10.1,28.4,33.4
31061,9.8,10.6,28.3,36.7
31063,8.9,9.7,30.5,35.5
31065,10.3,12.8,31.2,33.9
31067,8.7,10.9,30.8,34.1
31069,11.1,9.9,29.4,32.6
31071,9.8,9.5,28.3,28.4
31073,9.7,9.9,28.5,34.4
31075,9.4,10.4,29.0,28.3
31077,10.3,9.6,30.6,32.4
31079,8.9,8.7,31.9,33.9
31081,8.1,7.3,30.1,32.5
31083,9.4,10.8,27.8,32.1
31085,9.2,9.9,30.8,33.2
31087,9.6,11.3,30.1,35.9
31089,9.8,8.9,28.4,30.2
31091,10.2,10.5,29.6,26.6
31093,8.1,9.3,28.4,29.4
31095,9.8,12.1,29.3,36.2
31097,9.9,9.2,29.7,30.3
31099,7.9,8.4,28.8,31.1
31101,8.8,9.1,28.5,27.5
31103,9.7,10.7,29.8,29.6
31105,10.1,10.5,28.5,31.4
31107,9.5,10.4,28.1,31.6
31109,7.2,7.6,26.2,26.0
31111,8.7,10.3,31.0,31.7
31113,9.6,9.3,28.6,31.1
31115,8.5,11.1,29.9,30.7
31117,8.9,10.1,30.8,30.5
31119,8.1,9.4,27.4,32.6
31121,8.5,11.1,30.9,32.6
31123,9.8,9.2,28.7,30.2
31125,9.1,11.4,28.4,29.8
31127,8.7,10.0,29.4,35.5
31129,9.9,9.4,28.5,33.5
31131,9.5,11.5,32.1,33.9
31133,10.3,10.3,28.8,29.8
31135,9.4,8.6,26.3,24.5
31137,8.7,10.0,29.5,33.4
31139,8.4,10.7,30.0,34.1
31141,8.1,9.4,29.2,29.3
31143,9.9,9.0,30.9,29.5
31145,8.7,8.4,29.6,31.9
31147,9.4,9.8,31.4,36.7
31149,10.3,11.3,29.3,30.3
31151,7.9,8.5,31.2,33.0
31153,6.8,8.4,28.4,30.6
31155,8.3,8.6,28.9,28.6
31157,10.1,10.5,31.1,33.9
31159,8.3,7.7,27.8,29.4
31161,9.8,11.3,28.3,30.2
31163,9.3,10.7,30.0,33.1
31165,8.3,8.2,29.3,32.3
31167,7.5,9.5,31.6,34.3
31169,10.0,10.2,30.0,30.2
31171,9.0,10.0,30.1,32.8
31173,10.1,16.8,32.4,41.8
31175,9.6,11.6,29.4,32.3
31177,7.9,8.0,28.6,31.5
31179,6.9,6.6,29.7,29.6
31181,10.9,10.2,29.6,32.9
31183,8.3,9.3,28.5,28.1
31185,9.0,8.4,32.0,33.6
32001,8.3,9.5,25.8,25.5
32003,8.6,9.2,26.0,27.8
32005,7.0,8.0,21.1,21.4
32007,7.3,8.1,29.8,30.3
32009,11.2,10.6,25.0,25.5
32011,7.8,8.6,26.5,27.2
32013,6.8,6.8,29.9,25.7
32015,8.0,7.8,29.2,30.4
32017,11.3,9.5,26.2,25.9
32019,7.3,9.3,28.6,29.8
32021,12.1,11.2,29.4,28.0
32023,10.2,12.5,30.2,31.5
32027,7.0,7.8,33.2,31.1
32029,7.3,11.1,25.8,26.9
32031,6.7,7.1,21.6,21.8
32033,8.4,9.2,34.5,28.7
32510,7.6,8.2,23.7,24.6
33001,8.5,10.6,25.9,31.3
33003,8.5,10.1,21.9,25.2
33005,8.1,9.0,28.0,27.4
33007,9.6,12.3,28.8,30.5
33009,7.6,8.8,23.0,25.3
33011,7.7,9.1,26.4,28.5
33013,7.6,9.1,25.0,29.5
33015,7.4,9.1,24.7,26.1
33017,8.3,10.5,27.4,29.1
33019,8.1,10.2,26.8,28.8
34001,10.0,11.3,26.5,27.6
34003,8.8,8.0,20.8,21.5
34005,9.0,9.5,26.2,28.0
34007,9.4,10.4,26.8,30.2
34009,9.7,11.0,24.8,27.9
34011,9.2,11.6,29.6,34.5
34013,9.8,10.7,26.1,28.7
34015,9.6,11.3,25.6,30.3
34017,8.1,7.4,24.1,23.9
34019,6.9,7.0,19.8,22.3
34021,8.7,9.6,24.0,24.6
34023,8.3,9.8,23.7,25.0
34025,8.5,8.9,21.7,23.2
34027,7.1,7.9,20.8,21.0
34029,9.4,11.2,25.8,28.1
34031,9.0,8.3,23.7,25.7
34033,9.4,11.7,29.7,33.9
34035,7.5,8.4,22.3,22.6
34037,7.8,8.6,26.9,26.2
34039,8.2,7.8,22.2,24.7
34041,8.1,9.2,27.5,28.8
35001,5.7,7.4,19.9,21.5
35003,7.6,10.2,18.8,20.3
35005,7.9,9.2,28.0,29.2
35006,11.3,13.4,29.0,31.2
35007,7.0,9.2,17.8,22.0
35009,8.5,7.9,26.2,30.5
35011,8.0,9.8,23.9,22.9
35013,6.1,7.4,25.1,23.6
35015,9.2,9.7,28.8,31.2
35017,7.3,9.7,20.7,21.8
35019,6.1,8.4,22.6,27.3
35021,7.9,10.3,22.4,22.9
35023,6.6,9.0,21.8,22.9
35025,7.7,8.0,28.8,33.8
35027,6.1,7.9,19.9,19.9
35028,5.6,7.0,19.3,19.9
35029,7.8,10.6,25.6,24.3
35031,12.0,13.6,35.0,35.1
35033,6.3,11.3,20.2,22.6
35035,7.6,9.5,24.9,25.1
35037,7.8,9.6,27.5,32.0
35039,6.4,8.8,22.9,24.5
35041,5.2,9.4,25.9,26.9
35043,6.3,8.0,23.3,23.8
35045,8.4,10.0,28.1,31.7
35047,6.6,8.8,20.2,22.6
35049,4.0,4.7,12.9,13.7
35051,7.9,10.1,22.9,21.0
35053,8.0,10.4,25.1,26.3
35055,6.1,7.7,16.1,17.4
35057,6.1,9.9,23.0,26.1
35059,6.6,9.5,22.3,27.0
35061,7.3,9.0,26.5,26.6
36001,7.5,9.8,25.7,25.4
36003,8.6,9.3,26.3,29.6
36005,9.5,12.3,28.4,30.4
36007,8.8,9.9,28.1,27.3
36009,9.3,9.3,29.0,28.1
36011,8.2,10.0,24.7,30.6
36013,8.8,9.9,30.0,29.6
36015,9.6,9.4,26.4,29.1
36017,8.1,10.2,25.8,30.3
36019,7.8,9.9,25.6,30.3
36021,8.3,10.6,26.2,25.0
36023,7.7,8.3,27.6,26.8
36025,8.4,10.8,26.5,27.9
36027,8.3,9.6,26.7,25.9
36029,10.1,9.4,26.7,26.7
36031,8.1,9.7,25.2,27.3
36033,8.4,9.6,27.8,30.3
36035,8.4,10.1,27.4,30.1
36037,9.2,9.3,28.2,26.8
36039,8.4,9.5,26.8,27.9
36041,10.3,11.0,25.1,26.1
36043,8.8,9.2,28.6,29.6
36045,7.5,9.4,27.6,28.4
36047,9.1,10.3,24.4,22.7
36049,8.5,9.9,26.9,33.7
36051,8.7,10.5,28.7,31.2
36053,7.6,9.6,26.8,26.1
36055,8.6,9.7,28.4,27.7
36057,8.8,9.4,29.1,26.0
36059,8.8,8.3,21.3,23.5
36061,6.8,6.7,16.1,14.7
36063,8.9,9.5,26.9,30.4
36065,8.8,10.0,26.0,31.4
36067,8.6,9.1,28.9,27.9
36069,8.4,7.6,28.2,29.4
36071,8.7,9.7,25.4,28.8
36073,8.6,9.7,28.8,28.5
36075,9.1,10.7,30.0,29.2
36077,8.4,9.3,27.5,26.0
36079,7.7,7.6,27.4,24.1
36081,9.2,11.2,23.7,23.8
36083,8.0,8.9,26.9,27.4
36085,8.9,9.5,25.0,28.2
36087,9.8,10.3,25.4,22.4
36089,8.6,10.6,29.6,28.2
36091,7.7,8.5,25.7,26.7
36093,8.7,9.9,27.0,26.1
36095,8.9,9.8,26.1,26.2
36097,8.2,10.7,26.3,30.8
36099,8.5,8.9,29.9,28.9
36101,9.9,11.2,29.1,30.8
36103,8.0,8.8,24.7,23.1
36105,9.3,10.5,25.7,29.3
36107,7.9,10.5,28.4,29.3
36109,6.1,7.5,24.4,25.3
36111,7.5,9.3,27.8,27.2
36113,8.9,9.8,28.7,27.4
36115,8.5,11.0,26.7,31.9
36117,8.8,10.3,28.3,30.2
36119,7.4,8.2,19.0,20.3
36121,8.0,8.1,26.7,25.6
36123,8.8,9.5,23.5,26.6
37001,10.3,10.9,31.4,35.1
37003,9.5,11.6,28.6,34.0
37005,10.4,12.8,26.7,27.1
37007,11.8,14.9,33.0,34.6
37009,8.5,11.5,24.4,29.1
37011,10.2,11.1,28.4,26.0
37013,11.5,13.4,33.7,33.0
37015,13.8,14.2,35.9,35.5
37017,12.1,14.5,33.4,38.2
37019,9.7,11.0,28.4,28.0
37021,8.7,9.5,22.2,23.5
37023,10.6,11.9,26.8,32.4
37025,10.1,9.9,29.8,30.0
37027,9.9,14.2,30.8,32.7
37029,9.9,11.1,31.6,31.0
37031,10.8,10.3,28.7,25.8
37033,13.4,13.2,30.2,36.0
37035,8.7,13.5,27.2,29.5
37037,8.5,12.1,25.9,27.1
37039,11.9,13.0,25.2,30.0
37041,12.4,13.3,30.0,34.2
37043,10.3,13.1,25.4,28.7
37045,11.6,12.4,31.9,30.9
37047,12.1,16.0,33.0,31.2
37049,10.9,10.3,29.9,30.1
37051,12.2,12.1,32.5,32.3
37053,9.3,10.6,29.1,28.9
37055,9.1,9.8,25.1,27.4
37057,10.6,11.0,29.9,31.4
37059,9.2,10.9,27.8,29.1
37061,11.3,13.8,31.8,32.0
37063,9.3,8.7,29.2,29.2
37065,12.8,16.4,37.2,40.8
37067,8.4,11.2,25.0,31.4
37069,9.3,14.0,31.4,31.2
37071,10.2,13.7,27.2,33.3
37073,11.8,12.9,33.5,33.9
37075,10.7,12.0,28.8,27.5
37077,10.9,12.1,33.3,35.8
37079,11.4,12.7,32.2,35.9
37081,10.0,10.3,27.9,30.7
37083,14.7,13.7,36.9,39.0
37085,8.9,10.6,31.7,33.2
37087,10.8,12.3,28.7,30.0
37089,9.6,9.9,25.1,27.1
37091,13.3,14.4,34.0,36.9
37093,10.9,12.2,31.7,34.7
37095,12.3,12.0,30.8,29.7
37097,8.7,10.4,26.5,29.1
37099,10.8,11.6,29.7,31.4
37101,8.9,13.9,33.1,35.5
37103,13.1,14.9,31.9,33.9
37105,11.9,13.5,28.8,29.9
37107,12.9,15.6,32.6,37.2
37109,11.4,11.4,26.8,27.6
37111,11.1,14.2,33.5,30.9
37113,10.4,11.7,27.1,27.4
37115,9.2,10.5,26.3,24.8
37117,13.6,15.9,32.8,38.0
37119,7.9,8.5,25.6,23.9
37121,12.0,12.8,26.1,29.2
37123,10.7,12.5,30.7,30.7
37125,9.3,10.6,25.9,27.4
37127,11.8,13.2,32.1,31.5
37129,10.3,8.4,25.4,24.9
37131,14.9,16.2,35.6,38.5
37133,8.9,7.8,30.6,29.7
37135,6.4,8.0,22.4,23.3
37137,11.9,15.1,28.6,31.5
37139,10.7,14.4,31.7,35.4
37141,11.5,12.1,32.3,31.1
37143,11.2,13.5,32.1,32.6
37145,11.3,12.6,30.1,32.7
37147,9.2,9.5,32.9,34.3
37149,9.6,13.1,23.2,27.3
37151,10.2,13.7,28.8,32.2
37153,11.3,11.2,30.7,37.9
37155,12.9,15.7,38.7,39.6
37157,11.2,14.1,30.9,35.4
37159,11.8,12.8,30.3,32.7
37161,11.3,13.9,29.5,28.7
37163,10.8,13.7,32.8,36.7
37165,12.4,13.7,34.9,36.4
37167,10.4,12.1,27.7,30.0
37169,10.7,12.7,30.7,33.8
37171,11.5,13.2,28.2,30.9
37173,12.7,14.9,31.6,33.3
37175,9.8,11.3,23.7,24.3
37177,11.5,13.6,31.5,30.8
37179,7.6,9.5,27.5,26.5
37181,12.9,14.0,33.7,38.2
37183,7.8,8.2,26.7,24.8
37185,13.9,14.4,36.1,39.2
37187,13.8,14.7,33.4,32.8
37189,6.7,8.6,25.0,26.4
37191,11.1,13.1,31.9,34.4
37193,10.8,10.8,28.6,26.7
37195,12.0,12.4,31.9,36.8
37197,11.2,10.5,29.9,31.0
37199,9.1,11.2,24.5,27.0
38001,10.1,10.5,27.6,31.9
38003,8.3,10.5,29.2,34.7
38005,11.3,11.7,31.9,31.0
38007,8.4,7.8,27.5,28.3
38009,9.7,9.8,27.4,31.0
38011,9.2,9.1,27.5,30.3
38013,10.4,8.9,28.1,28.9
38015,6.7,7.5,25.0,29.1
38017,6.4,7.0,27.6,29.1
38019,10.3,11.2,27.7,32.1
38021,9.2,11.2,27.6,33.4
38023,9.7,10.1,28.1,27.1
38025,10.2,9.2,30.3,33.5
38027,9.9,11.8,27.5,31.5
38029,10.0,11.3,26.9,30.9
38031,9.8,10.7,26.6,30.5
38033,9.4,8.8,27.7,32.1
38035,7.0,7.3,29.3,30.1
38037,9.6,10.8,29.5,33.3
38039,9.5,10.2,27.7,26.9
38041,10.3,9.5,28.3,29.1
38043,9.3,8.9,27.4,30.1
38045,9.0,11.2,27.5,33.4
38047,10.2,11.2,27.6,32.8
38049,9.6,8.3,28.7,31.7
38051,10.8,10.6,29.3,32.8
38053,9.1,9.5,30.6,32.8
38055,9.1,10.4,29.0,33.4
38057,8.9,11.9,28.4,31.8
38059,7.7,7.9,29.5,33.3
38061,10.1,12.6,31.6,35.9
38063,10.0,12.2,27.1,31.7
38065,9.3,10.9,28.2,32.1
38067,9.2,12.1,29.1,32.1
38069,9.4,10.4,27.4,34.0
38071,8.3,10.2,28.3,33.2
38073,8.9,10.4,28.7,33.1
38075,9.3,10.8,27.0,31.6
38077,7.5,8.4,29.6,33.1
38079,13.6,12.9,37.6,41.4
38081,9.3,9.4,28.5,34.4
38083,10.6,11.5,28.6,31.6
38085,12.4,13.3,35.6,33.7
38087,8.5,9.3,28.0,26.9
38089,8.1,8.0,28.2,29.6
38091,9.7,11.4,29.5,30.2
38093,8.4,8.8,28.6,33.0
38095,9.7,11.2,28.1,30.1
38097,8.0,8.5,29.3,32.8
38099,8.6,9.5,28.5,32.2
38101,8.2,7.8,27.0,30.8
38103,9.8,10.9,27.1,33.5
38105,8.5,8.3,28.7,35.3
39001,10.9,11.4,29.6,31.1
39003,11.7,13.0,32.5,35.4
39005,10.5,11.6,29.2,27.9
39007,10.1,13.3,30.5,33.5
39009,9.6,11.1,30.9,28.3
39011,10.6,11.1,30.5,34.7
39013,11.2,15.1,29.4,33.5
39015,10.2,13.6,30.7,33.7
39017,10.6,12.0,30.5,32.8
39019,10.6,12.7,30.0,34.7
39021,10.4,13.2,29.4,37.0
39023,11.8,12.9,30.4,31.5
39025,9.6,11.7,29.7,30.3
39027,10.5,11.7,29.6,34.3
39029,11.3,12.5,32.6,33.0
39031,10.6,14.6,30.5,34.3
39033,11.7,13.3,30.5,32.0
39035,11.1,12.0,28.2,30.0
39037,10.6,12.8,28.8,32.3
39039,10.8,11.6,28.4,32.9
39041,8.7,9.2,26.9,28.1
39043,11.6,11.1,29.7,35.4
39045,10.4,11.1,30.7,32.6
39047,11.7,13.0,29.8,33.4
39049,10.3,9.9,30.9,29.7
39051,11.5,13.4,30.0,36.7
39053,11.2,14.5,29.7,32.3
39055,10.2,11.8,27.3,27.0
39057,10.1,10.5,29.0,31.3
39059,11.4,12.6,29.8,36.4
39061,10.2,11.0,26.9,29.2
39063,9.3,11.5,29.9,31.4
39065,10.5,9.6,30.2,35.2
39067,12.4,13.2,30.3,30.3
39069,10.9,11.8,30.3,29.2
39071,10.1,11.0,29.2,32.1
39073,11.3,14.6,31.3,37.5
39075,9.2,10.3,28.6,31.2
39077,10.0,12.8,31.4,33.3
39079,11.2,14.2,31.1,37.4
39081,13.5,15.4,32.2,36.6
39083,10.1,11.0,28.6,27.6
39085,11.0,11.2,29.8,26.7
39087,11.7,15.7,34.5,38.8
39089,11.3,11.0,30.2,31.4
39091,11.2,13.4,30.4,34.3
39093,10.8,11.5,31.0,29.2
39095,10.7,12.3,31.0,34.2
39097,10.8,10.7,29.4,29.6
39099,10.7,12.5,28.1,31.3
39101,11.0,12.9,29.4,35.8
39103,8.8,9.6,28.2,29.1
39105,10.4,16.7,30.1,34.3
39107,10.7,11.0,29.2,27.9
39109,11.1,12.8,29.3,34.1
39111,11.6,14.9,31.3,36.8
39113,11.9,13.0,30.1,33.3
39115,11.6,14.8,31.1,36.7
39117,9.5,12.2,29.9,36.9
39119,11.4,12.9,29.5,31.2
39121,9.5,14.0,30.4,33.5
39123,10.6,11.1,30.2,30.6
39125,10.8,12.4,29.9,29.9
39127,10.0,13.1,30.4,36.3
39129,10.9,12.4,30.9,34.0
39131,10.9,13.6,30.1,35.8
39133,9.4,9.1,28.8,29.0
39135,10.9,12.6,29.2,29.3
39137,10.9,9.9,31.1,35.2
39139,11.0,11.9,29.0,32.8
39141,10.3,13.3,32.0,33.7
39143,10.9,12.9,29.9,33.5
39145,10.8,16.0,31.3,37.0
39147,10.0,13.5,29.2,35.1
39149,10.1,11.3,29.3,31.8
39151,11.5,12.9,30.8,30.7
39153,10.7,10.4,28.0,30.8
39155,11.3,12.3,27.9,32.6
39157,10.9,12.7,29.3,35.0
39159,8.8,10.2,31.7,34.2
39161,10.6,14.8,30.5,37.9
39163,10.4,17.0,30.6,33.6
39165,9.5,9.7,27.6,29.9
39167,12.2,14.4,30.5,34.8
39169,10.4,12.3,30.1,30.3
39171,10.2,12.8,29.8,35.9
39173,9.7,11.0,29.6,30.9
39175,11.2,12.5,30.2,35.8
40001,13.3,14.3,33.7,38.6
40003,11.2,13.2,30.2,36.0
40005,11.5,12.8,31.0,34.3
40007,10.7,13.4,31.4,38.9
40009,10.3,10.0,31.0,35.5
40011,9.7,14.2,31.5,38.4
40013,10.9,11.4,29.5,32.5
40015,11.5,12.6,31.8,37.0
40017,10.6,11.9,30.4,35.0
40019,10.2,12.5,30.3,32.3
40021,11.3,14.6,33.2,35.5
40023,12.5,15.5,31.5,36.2
40025,11.2,12.5,28.8,32.8
40027,9.2,10.4,29.2,30.1
40029,12.1,12.9,31.3,35.6
40031,9.7,11.1,31.5,34.8
40033,11.2,14.5,32.1,36.2
40035,13.2,13.1,32.8,27.4
40037,11.1,14.8,32.3,36.8
40039,10.5,11.7,29.7,30.9
40041,12.6,14.2,31.0,33.4
40043,11.7,13.9,31.5,35.5
40045,12.1,13.0,31.1,31.0
40047,10.4,9.8,31.4,36.7
40049,11.1,13.2,28.7,33.8
40051,8.6,12.0,32.3,34.8
40053,12.3,13.0,29.2,36.4
40055,10.7,12.9,30.9,32.7
40057,12.5,14.0,31.0,36.8
40059,12.5,12.4,29.8,35.0
40061,11.5,18.0,33.8,38.5
40063,12.6,15.6,32.0,32.3
40065,12.9,12.8,31.2,34.1
40067,11.7,13.7,29.6,36.0
40069,11.8,13.7,31.8,39.2
40071,11.4,12.7,32.1,29.7
40073,11.4,12.2,30.4,32.1
40075,11.5,13.6,29.9,30.8
40077,12.2,15.0,31.8,32.6
40079,11.6,14.2,29.1,39.1
40081,11.7,14.4,31.1,38.8
40083,10.8,12.1,31.5,31.4
40085,12.3,15.0,30.5,33.5
40087,10.1,11.1,30.5,31.5
40089,11.1,14.0,31.4,35.3
40091,11.7,13.8,33.0,37.9
40093,10.4,11.6,28.3,31.6
40095,11.6,13.4,30.3,36.1
40097,11.3,13.8,32.7,34.7
40099,12.0,13.4,33.2,39.7
40101,13.1,13.3,31.2,37.4
40103,11.4,13.2,31.9,32.8
40105,12.4,15.1,31.0,36.4
40107,12.7,13.4,30.7,31.0
40109,10.2,10.2,28.7,31.2
40111,10.5,12.5,33.9,38.0
40113,11.4,12.4,31.6,34.5
40115,13.3,15.6,31.8,37.1
40117,13.6,13.4,32.8,33.9
40119,9.4,7.1,31.2,28.9
40121,11.6,13.1,31.2,32.4
40123,10.9,11.9,34.8,35.6
40125,10.5,14.1,33.9,34.2
40127,12.3,16.8,30.9,30.3
40129,11.5,12.5,32.1,32.8
40131,10.6,10.7,33.7,32.7
40133,11.3,14.4,33.7,36.4
40135,13.1,13.5,34.2,32.5
40137,11.2,13.5,30.1,34.0
40139,8.2,9.6,30.1,32.7
40141,13.9,14.3,31.7,33.4
40143,9.6,10.6,27.3,29.6
40145,10.7,11.4,30.6,33.5
40147,10.3,14.0,31.5,33.2
40149,11.0,12.6,27.6,40.6
40151,10.0,12.4,29.5,33.4
40153,10.9,11.5,29.4,38.6
41001,10.7,12.0,27.1,26.9
41003,6.8,7.8,23.7,21.6
41005,7.7,9.8,25.0,25.3
41007,8.4,11.0,23.7,30.7
41009,7.9,10.6,31.0,33.8
41011,11.7,12.8,30.5,30.4
41013,8.9,12.5,27.2,25.7
41015,9.9,11.9,27.0,29.9
41017,6.5,7.8,18.1,24.1
41019,11.4,11.4,30.1,31.0
41021,9.9,11.6,26.2,27.2
41023,10.4,12.4,27.0,29.6
41025,9.8,11.2,24.8,31.7
41027,7.2,8.5,26.9,26.5
41029,7.5,8.9,22.4,25.6
41031,8.3,11.2,26.7,32.5
41033,8.6,9.3,25.1,27.1
41035,8.6,10.8,24.8,29.9
41037,9.5,11.5,24.0,28.0
41039,6.9,7.8,25.9,27.4
41041,9.7,13.3,25.7,28.5
41043,8.5,11.2,28.2,33.6
41045,7.7,8.9,27.8,28.5
41047,8.0,10.3,28.2,34.1
41049,8.5,11.4,26.8,30.9
41051,7.3,7.7,22.8,21.3
41053,7.9,9.3,30.9,34.5
41055,9.5,11.1,25.6,27.1
41057,8.5,11.4,26.2,28.8
41059,8.9,9.9,31.4,31.8
41061,7.7,9.2,24.9,27.3
41063,9.6,11.4,27.2,24.3
41065,8.1,11.0,32.4,25.5
41067,6.4,8.4,24.0,24.0
41069,8.6,12.6,25.6,27.2
41071,7.7,9.6,25.0,27.8
42001,8.2,11.6,26.6,31.4
42003,9.5,9.7,27.1,26.7
42005,10.4,11.7,30.3,35.9
42007,10.2,11.4,30.0,29.7
42009,8.9,13.2,27.1,33.7
42011,7.6,11.0,29.0,32.2
42013,9.6,11.7,33.8,33.1
42015,9.6,10.9,29.1,32.5
42017,8.7,9.6,24.4,25.7
42019,8.7,10.9,25.0,28.5
42021,11.2,13.1,33.4,28.9
42023,9.9,10.4,28.6,27.9
42025,9.3,10.7,29.0,35.0
42027,7.9,7.8,27.6,26.6
42029,7.9,7.9,22.7,23.0
42031,9.6,11.7,30.4,33.8
42033,9.6,13.7,30.9,36.8
42035,8.8,10.9,27.9,32.4
42037,8.9,11.9,31.8,37.9
42039,11.1,11.7,29.3,34.5
42041,9.9,9.4,26.0,27.6
42043,9.2,11.9,31.5,32.5
42045,9.5,9.0,27.0,24.0
42047,9.4,10.5,28.6,28.5
42049,9.0,11.6,29.4,31.2
42051,12.4,15.9,33.4,38.5
42053,9.1,11.3,28.9,32.1
42055,9.0,11.4,29.4,32.2
42057,9.4,11.9,28.9,31.6
42059,9.6,12.5,28.6,33.4
42061,9.6,11.5,28.0,29.4
42063,8.8,9.7,28.0,37.2
42065,10.1,11.5,27.9,31.5
42067,10.3,12.3,30.8,34.7
42069,9.6,11.5,25.9,31.3
42071,8.0,9.7,28.5,29.3
42073,10.4,12.5,27.9,34.3
42075,9.9,10.1,29.0,29.5
42077,9.4,10.8,26.6,30.1
42079,9.9,11.7,28.3,28.9
42081,9.1,10.7,27.6,31.5
42083,9.3,10.4,29.6,31.9
42085,10.1,12.2,29.3,31.7
42087,9.3,12.5,30.5,32.0
42089,8.3,11.2,27.7,28.8
42091,8.0,7.4,24.5,24.6
42093,10.2,12.4,28.3,32.5
42095,8.8,11.2,28.8,28.6
42097,9.5,12.1,28.3,35.3
42099,9.7,10.3,30.3,33.0
42101,11.0,11.5,30.2,29.8
42103,9.2,10.5,31.3,29.1
42105,10.2,12.1,30.0,32.4
42107,9.8,11.4,31.3,35.1
42109,9.1,9.9,30.7,32.5
42111,9.7,12.5,32.1,37.7
42113,10.8,13.1,30.6,31.1
42115,9.1,10.1,25.3,30.4
42117,9.9,12.0,31.4,30.3
42119,8.5,10.2,29.4,28.2
42121,8.9,13.2,30.5,34.7
42123,10.2,12.5,29.5,33.6
42125,11.0,11.8,32.4,28.3
42127,9.8,12.6,27.9,33.1
42129,9.4,11.8,25.9,30.0
42131,9.3,10.8,30.9,33.4
42133,9.0,11.3,30.9,33.3
44001,7.1,8.8,19.9,22.9
44003,8.8,9.9,25.0,28.8
44005,7.2,8.5,20.9,23.1
44007,8.2,9.9,25.1,28.2
44009,6.7,9.1,20.7,23.9
45001,13.4,17.0,30.3,35.2
45003,10.9,12.8,31.5,31.9
45005,14.0,19.2,34.6,41.1
45007,12.1,13.2,26.8,33.9
45009,15.2,17.0,37.5,40.3
45011,13.6,17.3,34.6,36.8
45013,8.2,9.8,20.1,22.0
45015,12.5,13.5,36.3,35.0
45017,13.6,18.6,33.9,35.3
45019,9.3,11.1,25.9,24.6
45021,12.2,14.4,30.4,36.5
45023,13.0,13.8,32.5,36.1
45025,12.8,14.8,32.7,34.8
45027,13.9,17.2,35.9,42.3
45029,13.3,16.5,33.7,39.0
45031,13.5,14.6,32.4,37.7
45033,13.5,16.5,35.8,37.4
45035,10.1,10.4,29.8,33.9
45037,10.0,14.1,33.8,32.7
45039,14.5,18.6,36.0,41.3
45041,12.0,14.1,32.5,34.1
45043,12.7,14.4,32.2,30.8
45045,8.9,10.4,25.8,28.1
45047,12.1,13.2,32.7,33.5
45049,14.7,15.1,37.7,42.0
45051,10.6,11.1,27.7,29.8
45053,13.0,15.0,35.4,37.0
45055,11.7,12.6,30.5,31.7
45057,12.0,11.8,31.5,31.3
45059,11.7,15.0,33.9,40.8
45061,13.8,16.9,36.7,44.3
45063,9.1,9.9,28.3,33.4
45065,13.9,17.6,32.2,35.2
45067,14.4,17.2,35.5,39.9
45069,13.5,15.2,38.5,39.2
45071,11.3,15.7,34.4,35.5
45073,11.7,12.0,28.2,28.0
45075,14.3,15.1,38.5,41.9
45077,10.0,11.9,27.7,30.2
45079,10.8,11.1,30.1,32.6
45081,11.8,13.0,30.8,35.6
45083,10.6,12.8,30.0,30.5
45085,13.4,14.3,35.3,34.4
45087,12.1,15.6,33.0,36.9
45089,14.4,17.5,39.2,42.5
45091,9.0,12.0,30.0,29.4
46003,8.8,8.7,27.9,28.0
46005,8.1,9.4,30.1,32.0
46007,10.5,14.6,34.2,36.6
46009,8.0,9.4,29.8,29.6
46011,6.1,6.1,27.9,27.4
46013,7.6,8.4,29.5,32.2
46015,7.7,10.1,29.4,34.4
46017,13.6,16.2,39.1,42.0
46019,8.1,8.4,28.5,31.3
46021,9.7,9.9,27.3,30.9
46023,10.1,11.7,33.4,33.6
46025,8.9,10.4,29.8,30.6
46027,5.8,7.7,28.7,31.1
46029,6.7,8.3,28.5,31.2
46031,11.9,13.3,39.0,40.9
46033,7.9,10.7,27.9,29.7
46035,7.2,9.4,28.4,34.3
46037,9.6,11.2,28.9,30.8
46039,8.3,10.8,27.9,33.3
46041,13.5,15.6,38.9,39.9
46043,9.5,11.0,29.9,29.8
46045,8.5,9.0,28.9,29.1
46047,9.8,11.2,29.3,31.7
46049,8.7,9.8,28.1,29.3
46051,9.3,8.3,28.0,30.6
46053,10.9,10.4,29.7,32.2
46055,9.4,10.3,28.3,30.1
46057,8.0,9.7,29.0,30.8
46059,10.0,10.5,28.9,29.9
46061,7.0,8.3,28.3,28.9
46063,7.5,8.1,29.0,32.4
46065,8.9,9.5,29.5,28.3
46067,8.8,10.5,29.3,31.0
46069,10.2,10.5,31.4,30.5
46071,11.4,11.2,32.4,34.8
46073,8.6,9.9,26.6,27.8
46075,8.7,10.9,29.6,29.3
46077,8.2,10.0,26.8,33.8
46079,7.2,8.6,29.0,31.3
46081,6.8,7.3,23.6,25.7
46083,5.5,6.6,25.6,28.7
46085,10.2,10.4,33.2,33.5
46087,7.9,9.0,27.4,28.5
46089,9.4,11.8,27.4,27.3
46091,9.4,9.6,27.9,32.2
46093,7.3,8.4,25.8,27.0
46095,12.1,13.2,32.6,32.4
46097,9.1,10.6,28.4,31.4
46099,7.0,7.9,28.2,27.8
46101,8.3,11.0,29.7,32.9
46103,7.5,8.4,25.9,27.3
46105,9.6,10.1,28.6,32.8
46107,9.5,11.0,28.0,29.2
46109,9.9,12.0,32.6,32.0
46111,8.0,10.2,30.1,29.7
46113,12.4,15.8,41.0,42.9
46115,8.7,9.9,29.4,31.4
46117,7.9,9.8,29.4,33.4
46119,8.2,9.3,30.4,33.1
46121,12.0,18.2,36.2,38.0
46123,9.3,10.7,31.9,30.7
46125,8.7,8.4,27.9,32.9
46127,7.1,9.2,29.7,30.4
46129,10.4,10.7,29.8,28.4
46135,8.0,7.9,29.2,30.0
46137,12.2,16.5,37.6,42.0
47001,13.1,12.3,30.1,31.7
47003,11.3,11.5,30.1,32.1
47005,13.5,14.3,31.3,32.4
47007,11.6,12.5,32.9,32.7
47009,11.2,13.7,31.5,34.0
47011,12.0,14.3,29.1,34.9
47013,13.2,13.4,33.1,32.5
47015,10.5,12.9,30.8,33.3
47017,12.7,14.6,33.2,32.4
47019,12.8,14.2,34.4,31.8
47021,10.0,12.3,30.1,33.8
47023,13.3,14.7,33.0,32.0
47025,11.4,14.8,30.4,30.8
47027,11.8,13.9,32.4,31.3
47029,13.2,15.8,34.9,34.4
47031,13.1,13.1,33.8,35.9
47033,12.9,13.8,32.7,33.0
47035,11.5,18.2,29.0,29.2
47037,9.4,10.6,30.3,30.9
47039,12.4,15.0,29.4,36.3
47041,11.7,14.4,31.4,31.8
47043,10.7,12.6,30.6,35.9
47045,12.7,15.8,35.8,37.2
47047,11.5,17.6,34.6,31.1
47049,12.6,14.6,31.3,35.5
47051,11.8,13.1,32.5,30.9
47053,13.0,13.1,33.5,32.3
47055,12.2,14.4,34.0,32.1
47057,12.3,14.4,30.5,35.0
47059,11.0,12.3,32.8,29.8
47061,11.3,15.2,29.5,31.3
47063,12.4,13.9,31.4,30.8
47065,11.3,12.2,29.3,30.2
47067,11.9,13.0,30.4,30.6
47069,12.3,14.7,38.3,37.8
47071,11.7,13.8,29.6,31.9
47073,13.7,14.4,33.1,32.9
47075,13.2,15.3,36.1,38.4
47077,10.9,15.9,32.8,34.8
47079,11.7,14.0,31.7,33.7
47081,10.9,12.2,29.5,32.1
47083,12.1,15.2,31.1,33.2
47085,12.5,14.1,31.6,35.6
47087,13.5,13.8,32.3,34.7
47089,11.4,12.3,30.4,34.2
47091,11.5,14.1,30.5,29.2
47093,11.2,11.2,28.6,29.7
47095,11.1,13.5,34.8,37.5
47097,10.2,15.4,34.4,38.3
47099,12.6,14.2,31.5,34.0
47101,11.7,14.5,29.8,34.3
47103,10.7,14.2,30.8,32.1
47105,12.0,13.3,30.5,27.5
47107,12.1,14.1,32.4,33.7
47109,14.1,16.9,33.5,38.6
47111,12.2,14.2,33.0,34.2
47113,11.2,14.2,31.6,34.3
47115,11.9,15.9,34.5,32.9
47117,12.0,14.4,32.2,31.3
47119,11.6,11.9,32.5,33.6
47121,11.4,14.2,31.9,27.9
47123,11.4,14.7,31.1,35.5
47125,11.7,9.8,30.9,29.0
47127,11.9,14.0,31.5,32.0
47129,11.5,12.3,30.3,30.3
47131,13.4,15.5,31.6,33.6
47133,11.1,15.1,29.6,33.0
47135,11.5,16.3,32.6,31.4
47137,13.1,15.0,31.2,33.1
47139,12.0,13.7,31.1,34.9
47141,11.3,12.5,29.4,32.6
47143,11.5,13.7,31.3,30.4
47145,12.6,13.4,32.2,34.1
47147,11.9,12.8,31.4,35.6
47149,9.3,9.9,30.6,33.0
47151,11.8,13.4,30.9,28.9
47153,10.7,13.5,31.3,28.3
47155,12.0,12.2,28.8,30.6
47157,11.9,12.2,33.7,32.6
47159,11.8,13.6,30.2,36.8
47161,11.5,15.2,32.8,31.4
47163,12.9,14.4,31.2,30.1
47165,11.6,11.8,29.1,29.7
47167,11.1,13.5,33.8,35.4
47169,11.9,13.2,31.9,32.9
47171,13.9,14.7,31.0,33.4
47173,11.0,13.8,29.4,31.0
47175,11.9,14.6,31.1,32.1
47177,10.5,16.3,32.9,31.4
47179,11.4,12.9,29.4,32.2
47181,10.6,12.3,29.8,32.7
47183,10.8,14.7,30.7,30.9
47185,11.2,13.6,30.5,31.2
47187,8.6,9.2,27.4,25.9
47189,10.4,12.7,31.9,31.7
48001,10.6,11.7,28.3,31.6
48003,9.1,8.8,28.0,28.1
48005,9.3,12.9,30.0,37.5
48007,10.9,12.1,26.8,26.9
48009,10.2,10.6,27.6,27.1
48011,10.4,10.6,27.8,27.2
48013,8.9,10.8,26.8,27.9
48015,9.8,9.7,28.0,27.0
48017,9.4,9.5,28.0,26.7
48019,9.4,11.3,26.3,27.1
48021,10.3,9.7,30.0,33.1
48023,10.8,12.2,27.5,28.1
48025,8.1,8.7,29.1,29.3
48027,10.9,9.2,29.2,29.0
48029,8.1,8.9,25.6,27.3
48031,8.7,11.2,27.8,28.7
48033,9.5,11.3,27.6,27.3
48035,9.9,10.2,25.8,27.8
48037,9.5,12.7,28.8,32.4
48039,10.3,9.1,28.2,31.2
48041,7.4,7.6,26.1,28.4
48043,8.2,9.7,25.5,27.7
48045,11.7,11.2,27.5,26.4
48047,9.9,10.8,26.9,27.2
48049,9.6,9.5,25.8,25.2
48051,11.0,12.2,28.0,29.8
48053,9.6,10.0,27.0,30.0
48055,9.0,9.8,28.6,26.4
48057,9.5,11.6,28.0,29.1
48059,9.5,11.0,28.6,28.4
48061,8.7,9.3,26.7,33.2
48063,10.5,11.2,28.9,31.8
48065,10.6,11.0,27.8,28.4
48067,11.0,13.7,29.3,31.3
48069,10.1,9.3,27.4,28.1
48071,9.3,9.6,28.1,28.6
48073,9.2,11.6,29.6,30.1
48075,9.1,9.0,27.7,27.0
48077,9.4,11.2,28.8,29.4
48079,10.6,10.9,28.5,26.9
48081,11.3,12.6,26.6,28.1
48083,10.2,11.6,26.2,28.1
48085,7.4,7.9,23.4,24.6
48087,10.7,10.7,27.7,28.0
48089,11.0,11.3,28.1,28.5
48091,8.5,8.8,24.6,26.7
48093,10.4,10.8,26.6,28.3
48095,8.3,8.7,28.7,27.5
48097,11.3,10.3,28.5,29.2
48099,8.1,9.1,28.1,30.3
48101,12.0,12.3,27.5,27.4
48103,10.1,8.8,28.5,29.3
48105,10.1,9.9,28.5,27.9
48107,9.9,9.8,27.5,27.8
48109,10.0,10.0,26.8,27.6
48111,8.8,8.0,27.5,31.5
48113,9.3,9.1,28.3,27.6
48115,9.8,9.1,28.8,29.9
48117,9.3,8.7,27.5,29.4
48119,10.3,11.9,28.0,28.0
48121,8.5,8.0,28.5,22.1
48123,10.5,11.6,28.3,30.6
48125,9.8,9.9,28.4,26.6
48127,9.1,9.3,27.8,29.9
48129,10.9,11.1,26.8,27.6
48131,9.4,9.9,26.6,27.8
48133,10.4,12.2,27.1,28.2
48135,9.4,8.9,29.7,31.6
48137,9.0,11.8,28.1,27.1
48139,8.3,9.9,29.5,29.8
48141,7.7,9.5,23.8,28.4
48143,8.8,8.9,27.6,28.2
48145,11.0,11.5,29.0,29.8
48147,9.6,10.4,26.2,28.4
48149,10.8,11.6,27.1,27.1
48151,10.8,11.7,27.2,26.7
48153,10.7,11.4,27.7,26.8
48155,11.4,11.7,26.7,26.3
48157,8.2,8.4,25.4,23.9
48159,9.5,11.3,26.9,26.9
48161,10.1,11.0,29.4,28.5
48163,8.2,8.6,27.1,27.5
48165,9.0,8.9,27.7,30.6
48167,9.7,9.8,27.5,27.6
48169,9.6,8.3,28.4,27.5
48171,10.1,13.3,25.5,26.8
48173,9.7,9.6,27.8,26.8
48175,10.0,11.9,26.5,29.2
48177,10.1,12.0,28.1,29.5
48179,10.7,10.9,29.8,28.4
48181,9.0,9.3,25.1,28.9
48183,10.3,11.0,29.4,35.3
48185,9.9,11.9,28.9,29.1
48187,8.5,10.0,28.0,30.9
48189,9.5,10.3,28.0,30.6
48191,11.2,12.4,27.4,29.1
48193,10.6,11.8,26.8,30.0
48195,9.3,9.7,27.1,28.1
48197,10.4,10.9,27.8,28.5
48199,10.4,9.9,28.4,32.1
48201,8.8,8.5,26.7,27.2
48203,11.1,11.9,29.9,33.3
48205,9.4,9.6,28.8,27.3
48207,11.7,10.5,27.7,27.3
48209,6.8,8.7,25.9,23.8
48211,10.2,9.4,27.0,26.8
48213,10.2,10.9,28.7,30.2
48215,9.6,9.7,28.7,34.4
48217,10.0,10.1,29.0,28.7
48219,9.5,8.7,27.0,30.7
48221,10.0,11.7,26.7,26.5
48223,10.6,10.5,29.3,30.5
48225,11.5,11.3,28.6,28.3
48227,9.0,9.7,29.2,31.1
48229,10.0,10.0,26.4,26.3
48231,10.1,10.3,29.8,27.0
48233,10.9,10.5,28.4,31.1
48235,9.5,10.6,27.3,27.9
48237,9.8,9.7,27.6,26.9
48239,11.2,10.9,28.1,32.2
48241,10.9,13.2,30.1,29.1
48243,10.0,12.4,25.1,26.2
48245,11.2,10.8,29.7,33.2
48247,10.1,9.9,27.5,27.3
48249,9.0,9.2,28.0,28.5
48251,10.0,9.4,29.6,30.2
48253,9.1,9.0,28.3,27.4
48255,8.6,9.5,28.9,29.2
48257,8.5,9.2,30.2,27.2
48259,8.3,8.9,24.7,27.3
48261,9.4,9.2,27.6,26.4
48263,11.3,12.0,26.5,26.4
48265,10.7,13.4,26.1,26.7
48267,10.2,11.6,26.0,28.4
48269,9.2,10.5,28.2,27.5
48271,10.8,10.8,26.8,26.7
48273,8.3,9.2,27.2,28.0
48275,12.0,11.2,27.5,26.6
48277,10.8,11.6,25.5,32.7
48279,10.1,10.2,27.8,31.0
48281,9.2,10.2,26.9,28.2
48283,8.7,8.2,27.6,26.6
48285,11.3,11.7,26.8,32.0
48287,10.1,10.8,26.8,28.1
48289,10.5,13.8,27.4,29.5
48291,9.4,11.0,28.3,27.6
48293,10.7,11.8,28.6,33.9
48295,9.8,9.5,26.9,27.2
48297,9.6,10.8,27.5,27.6
48299,11.3,13.3,24.8,27.0
48301,11.3,10.5,27.5,29.0
48303,7.7,8.6,27.4,27.7
48305,10.2,10.4,27.4,28.4
48307,10.4,11.0,26.9,28.5
48309,10.1,9.0,31.4,28.6
48311,10.8,11.8,27.6,32.2
48313,9.5,9.1,29.5,28.8
48315,12.4,12.5,29.3,31.3
48317,9.2,8.8,26.8,27.1
48319,10.3,12.5,26.6,26.2
48321,11.3,11.2,28.5,31.9
48323,9.4,8.7,26.7,29.4
48325,9.0,11.2,29.2,32.2
48327,11.1,12.9,26.5,27.3
48329,8.3,8.6,27.1,30.9
48331,11.4,11.9,28.6,29.7
48333,10.3,11.7,26.3,26.1
48335,9.9,8.9,29.6,26.6
48337,10.4,10.7,26.9,25.9
48339,8.4,10.1,25.0,24.5
48341,8.6,9.0,28.9,29.9
48343,13.0,11.1,28.7,30.0
48345,11.6,13.0,26.9,26.8
48347,9.2,11.3,29.5,32.2
48349,9.7,10.1,29.5,28.4
48351,10.9,11.7,28.8,28.0
48353,10.8,10.4,28.4,29.0
48355,10.5,9.9,27.9,33.6
48357,8.4,8.2,26.8,28.7
48359,9.9,9.3,28.1,29.3
48361,9.8,8.9,29.3,29.5
48363,9.3,12.0,29.5,29.4
48365,10.5,10.9,28.3,30.7
48367,9.3,10.5,27.5,29.0
48369,9.8,9.4,28.1,29.4
48371,9.4,9.8,26.3,28.6
48373,11.0,10.8,30.1,29.4
48375,8.9,8.9,31.3,31.0
48377,9.7,10.3,26.1,26.1
48379,9.7,11.8,27.7,29.7
48381,8.6,8.2,26.1,26.6
48383,9.6,8.9,27.8,27.7
48385,10.6,12.1,26.0,27.6
48387,11.2,11.9,27.9,30.7
48389,10.2,8.1,27.4,28.3
48391,10.7,10.9,27.9,28.4
48393,10.2,10.3,27.9,26.6
48395,11.5,10.9,28.8,29.8
48397,8.1,8.9,27.3,25.3
48399,11.0,11.5,27.1,26.8
48401,11.3,10.8,28.4,30.8
48403,11.8,13.2,27.0,27.8
48405,12.2,13.7,28.5,32.3
48407,10.4,12.6,27.6,28.1
48409,10.1,10.5,27.0,33.0
48411,9.9,11.4,26.9,27.4
48413,10.1,9.8,27.6,27.5
48415,9.1,9.1,27.7,26.2
48417,10.1,10.4,26.6,28.3
48419,10.6,11.7,29.7,31.2
48421,8.9,10.0,27.2,27.5
48423,9.1,10.2,27.6,29.6
48425,9.3,10.7,26.9,27.6
48427,8.5,8.4,27.2,29.6
48429,9.7,10.0,27.4,27.0
48431,10.0,10.1,27.0,27.4
48433,11.4,12.0,26.8,27.0
48435,9.0,9.8,27.3,26.6
48437,10.4,9.9,27.6,27.7
48439,8.4,11.0,26.8,29.1
48441,8.7,9.2,27.9,30.8
48443,11.6,10.6,26.0,26.8
48445,9.5,9.8,28.0,29.2
48447,11.1,11.3,26.4,26.8
48449,9.1,9.5,29.1,30.9
48451,10.4,10.1,27.8,27.6
48453,6.8,6.4,22.7,20.3
48455,11.3,11.5,28.0,27.4
48457,10.4,12.3,27.1,31.0
48459,10.3,10.7,27.6,29.6
48461,10.5,9.6,27.1,26.9
48463,9.5,10.5,27.2,30.0
48465,10.6,8.7,27.0,30.0
48467,9.5,10.8,25.8,30.2
48469,10.3,10.3,28.7,34.3
48471,8.8,9.0,31.3,29.7
48473,9.7,12.0,30.3,33.6
48475,9.9,9.7,28.0,28.5
48477,11.4,11.8,29.7,29.6
48479,9.1,8.6,28.4,31.3
48481,11.2,10.2,30.7,31.9
48483,10.5,10.8,27.3,27.8
48485,10.6,12.3,27.4,31.1
48487,10.0,11.0,28.4,28.0
48489,9.0,8.3,27.9,27.6
48491,6.9,7.4,25.0,31.1
48493,10.0,9.7,27.3,31.4
48495,9.7,8.7,27.3,27.7
48497,8.6,10.4,29.8,30.9
48499,11.2,11.7,27.5,30.1
48501,9.4,8.6,27.4,26.7
48503,10.3,10.9,27.8,27.1
48505,8.9,8.3,27.5,26.3
48507,8.7,8.7,27.8,27.4
49001,7.5,7.9,25.6,25.7
49003,7.5,9.9,27.8,33.5
49005,5.2,5.6,23.5,21.8
49007,8.9,9.6,25.5,26.6
49009,8.9,10.1,25.0,26.1
49011,5.8,7.4,23.7,25.0
49013,9.4,8.0,26.8,27.6
49015,8.5,8.7,29.7,25.8
49017,8.7,9.7,25.1,32.5
49019,8.2,7.8,21.5,22.3
49021,5.7,6.8,24.7,23.3
49023,7.2,10.2,26.0,28.0
49025,9.1,9.8,25.4,26.1
49027,7.9,9.3,21.4,31.3
49029,6.7,8.3,21.3,22.0
49031,8.7,10.1,26.6,26.1
49033,8.4,8.7,25.7,26.4
49035,6.9,7.2,23.6,25.4
49037,9.6,10.6,25.1,26.7
49039,7.4,7.9,26.4,25.4
49041,7.6,9.5,23.1,29.9
49043,3.9,4.2,13.9,14.4
49045,7.7,9.2,30.5,31.7
49047,8.7,8.0,27.4,27.6
49049,5.6,5.5,24.2,24.4
49051,5.6,6.5,22.4,23.0
49053,7.7,7.8,23.2,23.7
49055,8.5,8.5,23.6,22.8
49057,7.4,8.3,26.3,28.4
50001,5.9,6.7,21.6,23.0
50003,7.9,8.8,22.6,24.1
50005,7.4,8.2,25.0,28.3
50007,5.2,6.5,19.1,19.8
50009,6.8,10.2,23.9,29.8
50011,7.8,8.1,27.5,27.5
50013,6.5,7.4,24.4,26.8
50015,6.6,7.0,23.7,25.2
50017,6.9,7.7,25.8,26.6
50019,7.6,9.3,26.2,28.5
50021,8.1,9.4,25.1,29.5
50023,7.7,8.3,21.9,23.0
50025,7.2,7.5,22.9,23.4
50027,7.4,8.1,23.6,24.0
51001,11.8,13.6,31.4,34.7
51003,8.6,7.6,23.9,22.6
51005,11.1,11.0,26.4,33.0
51007,11.0,11.8,29.2,29.0
51009,12.2,12.7,28.4,29.4
51011,11.9,11.6,29.1,29.3
51013,6.9,4.2,20.8,16.1
51015,9.4,11.6,26.2,34.0
51017,11.2,10.9,27.0,28.7
51019,9.1,11.1,24.9,33.1
51021,10.6,10.0,27.9,30.9
51023,10.4,11.1,26.7,25.6
51025,12.5,12.0,32.8,35.9
51027,13.3,14.6,30.9,31.8
51029,12.2,14.3,31.0,33.5
51031,10.5,11.0,28.5,31.5
51033,10.7,10.5,29.4,29.6
51035,12.0,12.3,29.9,29.1
51036,14.5,14.2,33.0,35.2
51037,11.5,12.0,28.3,33.5
51041,8.6,9.1,27.3,26.0
51043,10.3,10.7,26.3,26.8
51045,9.5,10.7,26.0,27.8
51047,9.1,10.6,28.8,31.8
51049,11.6,13.8,30.7,32.1
51051,10.5,10.4,29.4,35.1
51053,11.6,11.4,31.2,32.7
51057,12.8,14.1,31.3,32.7
51059,7.8,6.2,22.7,20.3
51061,9.5,10.3,26.4,25.5
51063,9.5,9.5,25.7,26.5
51065,10.6,11.1,28.2,27.6
51067,10.2,11.1,26.3,28.4
51069,9.1,9.3,29.1,31.7
51071,11.1,10.6,24.7,30.3
51073,9.6,11.1,25.7,34.5
51075,9.5,11.5,26.0,28.4
51077,11.6,11.0,26.6,30.3
51079,8.7,9.9,27.5,27.9
51081,11.3,14.1,32.1,32.7
51083,14.7,15.9,30.9,32.4
51085,9.3,9.4,25.8,27.4
51087,9.1,9.7,27.0,27.5
51089,12.0,15.1,28.2,32.3
51091,11.4,12.4,25.4,26.3
51093,11.9,12.6,29.9,29.3
51095,9.5,10.5,26.0,25.2
51097,12.1,12.2,30.3,30.1
51099,8.9,9.3,27.5,28.3
51101,9.9,10.3,29.3,26.3
51103,13.4,13.8,27.0,29.8
51105,12.6,12.1,32.6,29.4
51107,6.6,6.9,23.3,21.6
51109,10.2,10.9,28.7,32.4
51111,12.1,13.2,31.1,27.5
51113,9.9,11.4,29.3,29.1
51115,11.7,11.9,27.6,27.8
51117,12.7,13.7,29.9,30.9
51119,11.9,12.4,26.7,26.2
51121,6.6,6.8,26.0,24.2
51125,10.7,12.9,26.0,29.7
51127,9.5,9.9,28.6,28.2
51131,13.3,14.6,29.8,36.1
51133,13.2,14.8,29.9,26.3
51135,11.8,14.0,31.3,34.0
51137,9.9,10.1,27.0,28.3
51139,9.5,10.9,28.4,28.3
51141,11.4,12.5,27.5,30.9
51143,11.5,14.3,28.5,32.0
51145,8.9,10.7,26.9,30.0
51147,11.0,11.4,30.1,32.1
51149,9.4,12.3,30.1,33.2
51153,9.2,7.9,27.9,25.5
51155,11.4,13.7,26.0,33.0
51157,10.7,11.7,26.4,27.2
51159,10.9,11.6,28.9,29.9
51161,10.2,11.5,24.4,26.6
51163,10.7,11.4,28.3,24.8
51165,9.5,9.9,28.3,26.4
51167,12.2,11.5,27.2,28.9
51169,10.4,14.1,26.8,31.2
51171,11.5,10.5,27.4,26.6
51173,9.8,9.7,26.9,29.6
51175,11.5,12.6,28.8,31.1
51177,9.5,12.6,28.5,32.7
51179,8.1,8.3,27.4,29.6
51181,12.7,14.0,31.7,35.3
51183,12.0,13.5,32.2,35.9
51185,11.3,15.3,29.0,30.3
51187,9.9,10.6,27.8,29.2
51191,11.3,13.1,24.4,30.0
51193,12.5,13.5,29.8,30.7
51195,10.5,12.1,31.6,30.8
51197,11.2,12.1,27.7,31.3
51199,10.0,9.5,28.1,26.1
51510,7.4,6.2,21.3,20.1
51515,12.6,,28.4,
51520,10.7,10.5,25.4,27.3
51530,10.3,9.7,26.2,25.9
51540,8.9,8.3,26.0,25.9
51550,9.7,10.2,27.9,32.3
51570,10.3,11.6,26.9,26.8
51580,11.1,10.7,27.3,26.4
51590,12.9,15.3,27.8,34.1
51595,13.4,13.4,30.9,29.7
51600,9.6,7.5,26.9,21.8
51610,10.5,10.2,26.9,27.5
51620,13.0,14.9,30.8,34.4
51630,10.0,8.9,27.0,28.8
51640,10.7,10.8,26.4,26.0
51650,11.5,12.4,34.5,34.8
51660,7.7,6.7,26.2,24.8
51670,11.8,13.6,30.9,31.8
51678,9.7,8.1,26.7,26.0
51680,11.3,11.3,29.1,27.1
51683,10.4,8.2,27.0,28.7
51685,8.8,7.9,28.3,28.3
51690,13.2,12.8,30.0,33.5
51700,9.9,12.7,29.7,32.3
51710,10.4,9.2,30.6,30.1
51720,10.3,9.6,26.6,26.2
51730,14.8,15.6,34.3,41.4
51735,10.1,11.5,26.4,24.7
51740,12.5,14.0,32.5,37.2
51750,7.7,6.9,25.7,29.6
51760,12.7,10.3,29.4,30.0
51770,11.7,11.9,30.8,31.9
51775,9.9,9.3,26.7,25.2
51790,11.2,10.2,26.5,27.1
51800,10.9,10.9,30.8,31.9
51810,9.5,8.0,25.1,27.9
51820,10.6,9.5,26.8,29.7
51830,9.0,8.9,27.0,26.0
51840,9.9,8.9,26.8,26.7
53001,11.1,11.0,35.8,34.4
53003,10.0,12.9,30.5,33.4
53005,8.7,9.5,29.8,31.5
53007,8.2,9.4,22.6,26.7
53009,9.4,11.4,27.0,26.3
53011,8.4,9.6,28.7,29.9
53013,10.6,11.9,28.2,30.0
53015,9.1,11.8,35.8,32.1
53017,7.1,8.6,27.6,28.7
53019,7.7,10.7,23.0,28.1
53021,7.1,7.1,30.0,30.1
53023,11.7,14.4,31.2,33.1
53025,9.0,9.0,31.2,34.3
53027,11.4,11.6,33.2,36.9
53029,8.4,9.4,23.9,27.4
53031,7.5,11.2,22.2,24.5
53033,6.6,6.8,21.7,22.2
53035,8.2,8.7,28.4,29.6
53037,6.3,7.9,23.6,28.9
53039,8.8,10.3,27.9,27.5
53041,10.2,9.5,35.4,32.8
53043,9.5,10.4,32.0,31.2
53045,8.5,11.1,29.3,30.5
53047,8.9,10.5,27.1,28.0
53049,12.2,12.6,30.6,31.6
53051,9.8,13.9,30.0,28.8
53053,9.0,9.4,29.9,30.0
53055,6.1,10.2,18.4,20.7
53057,7.9,9.1,29.6,26.4
53059,7.9,9.1,33.9,28.1
53061,7.8,9.9,28.3,29.4
53063,7.9,9.3,27.1,29.2
53065,8.5,10.6,26.4,30.6
53067,8.1,8.8,27.6,28.1
53069,11.8,12.8,28.6,31.4
53071,8.7,10.4,26.8,28.0
53073,6.8,7.9,23.4,23.1
53075,6.2,6.6,26.0,22.9
53077,9.5,10.2,30.6,29.6
54001,12.5,15.3,35.4,37.6
54003,9.8,10.5,31.9,34.3
54005,14.7,15.0,32.7,35.4
54007,13.1,15.9,32.0,32.5
54009,14.2,16.1,32.1,39.0
54011,14.3,13.5,32.0,30.5
54013,11.5,14.0,33.2,32.7
54015,13.4,14.6,36.3,32.6
54017,12.3,13.0,31.2,35.7
54019,12.0,14.0,31.3,35.6
54021,12.3,11.8,34.4,39.0
54023,12.3,15.7,31.8,38.9
54025,11.3,13.6,29.3,34.2
54027,11.3,13.4,33.3,33.8
54029,13.6,12.0,32.7,34.8
54031,12.9,15.4,31.9,37.0
54033,13.8,14.3,31.5,33.7
54035,12.7,13.2,34.2,31.7
54037,10.2,10.1,31.8,33.2
54039,12.8,14.1,30.6,32.7
54041,14.0,14.2,30.1,35.9
54043,14.2,15.7,37.8,39.9
54045,15.2,17.5,34.0,40.7
54047,15.3,17.6,32.9,42.1
54049,11.4,10.9,31.3,32.6
54051,12.3,14.0,30.9,35.2
54053,13.1,13.2,31.9,36.1
54055,11.9,15.5,31.2,37.4
54057,11.6,14.1,33.6,34.5
54059,12.7,13.2,32.6,40.3
54061,8.4,9.1,28.4,28.8
54063,13.3,13.7,29.8,30.9
54065,11.7,14.3,29.2,32.6
54067,12.8,15.7,33.9,38.2
54069,12.2,12.2,29.9,31.4
54071,12.4,14.3,31.9,36.0
54073,12.0,13.7,31.0,38.8
54075,13.2,13.8,31.4,31.4
54077,10.9,10.6,31.1,35.9
54079,11.4,11.7,30.3,34.6
54081,13.8,15.2,31.6,35.6
54083,12.0,12.7,29.7,34.8
54085,12.6,15.2,31.2,35.7
54087,13.8,16.1,32.6,36.2
54089,13.3,15.3,33.2,36.1
54091,11.5,11.8,31.0,37.0
54093,13.1,13.8,31.8,37.8
54095,12.2,13.7,32.9,32.6
54097,13.6,12.7,28.9,38.2
54099,12.1,16.5,32.5,37.7
54101,13.5,16.7,31.2,34.7
54103,11.9,13.0,32.2,33.0
54105,14.2,14.8,33.5,36.9
54107,12.3,14.0,30.6,35.9
54109,15.2,14.9,34.3,38.8
55001,9.7,12.8,30.6,34.0
55003,9.1,11.0,27.4,27.3
55005,8.5,9.0,28.6,31.6
55007,9.0,9.5,28.2,28.7
55009,7.4,9.3,27.4,28.4
55011,9.6,10.2,30.1,32.0
55013,10.1,10.6,29.0,28.7
55015,6.9,8.1,28.6,31.3
55017,7.8,8.2,28.1,30.2
55019,8.2,8.8,28.6,34.1
55021,7.8,8.0,27.6,34.7
55023,9.0,9.5,27.6,33.1
55025,6.3,6.3,25.2,23.7
55027,7.6,9.8,30.7,31.7
55029,8.9,10.0,27.4,27.5
55031,8.3,9.8,28.6,32.2
55033,6.6,9.4,27.9,32.3
55035,6.9,8.0,26.4,29.2
55037,9.0,11.8,28.6,32.0
55039,8.1,8.7,29.6,30.1
55041,10.2,12.5,29.2,34.7
55043,8.1,8.2,27.4,31.9
55045,7.9,10.5,27.5,31.4
55047,9.2,11.4,27.2,34.6
55049,8.6,8.6,29.2,31.8
55051,9.3,12.4,27.3,29.1
55053,8.8,9.8,30.1,32.6
55055,8.0,7.7,30.0,29.4
55057,8.9,11.6,28.9,35.8
55059,7.9,8.9,28.1,32.9
55061,8.3,9.5,30.7,33.5
55063,7.3,8.1,26.4,28.3
55065,8.3,9.3,29.9,35.3
55067,9.0,9.8,30.1,29.9
55069,9.1,9.5,29.5,32.8
55071,8.2,8.6,30.1,30.8
55073,8.7,9.1,28.2,29.5
55075,8.5,11.5,28.4,35.3
55077,9.3,12.1,30.4,34.9
55078,12.6,13.9,31.2,42.5
55079,9.5,10.1,30.2,32.9
55081,8.7,8.9,27.5,33.0
55083,8.4,9.5,27.6,30.4
55085,9.2,10.1,27.4,32.8
55087,8.2,8.5,27.6,30.1
55089,7.9,9.1,26.4,27.1
55091,8.7,11.7,29.3,34.2
55093,6.8,8.6,26.6,30.3
55095,7.9,11.0,26.7,30.3
55097,7.0,7.5,28.1,33.4
55099,9.8,12.3,29.8,34.0
55101,8.4,10.6,29.8,32.9
55103,8.7,9.5,30.0,31.8
55105,8.3,10.2,29.1,36.9
55107,9.0,10.1,28.8,31.7
55109,6.9,7.2,27.6,26.2
55111,8.1,10.7,27.9,32.5
55113,9.5,11.0,27.9,29.7
55115,8.9,10.1,28.2,33.8
55117,8.2,9.7,28.1,29.4
55119,8.5,9.0,27.4,34.4
55121,8.9,8.9,30.1,29.6
55123,8.2,9.0,27.8,32.8
55125,9.2,12.2,27.0,27.7
55127,7.3,7.8,26.9,25.1
55129,9.6,10.5,28.5,30.8
55131,7.2,8.2,27.1,29.2
55133,7.2,7.9,27.1,27.5
55135,8.3,9.9,28.5,28.5
55137,8.6,10.6,29.0,32.9
55139,7.6,8.6,27.6,31.9
55141,8.7,8.1,27.5,32.3
56001,5.0,6.9,20.9,23.3
56003,8.5,11.7,27.0,28.9
56005,6.5,7.0,28.4,34.3
56007,7.7,8.2,29.5,28.2
56009,6.7,10.2,27.7,28.3
56011,7.8,8.9,25.7,25.9
56013,8.2,9.6,25.1,28.3
56015,8.6,9.0,25.7,29.9
56017,8.8,11.0,25.3,27.0
56019,8.3,8.7,22.9,21.1
56021,8.1,10.1,24.4,29.7
56023,7.9,8.6,21.0,25.6
56025,7.4,9.0,26.1,29.4
56027,7.9,8.4,27.1,25.5
56029,6.7,8.0,21.8,25.5
56031,9.3,8.8,22.6,28.0
56033,8.9,9.8,23.9,23.3
56035,5.3,6.9,24.0,23.5
56037,6.8,8.1,29.6,31.7
56039,4.1,4.8,13.2,12.7
56041,6.3,9.0,30.3,27.9
56043,10.5,12.0,24.0,27.7
56045,7.1,10.0,28.6,29.2
