Id,Aruba,Afghanistan,Angola,Albania,Andorra,Arab World,United Arab Emirates,Argentina,Armenia,American Samoa,Antigua and Barbuda,Australia,Austria,Azerbaijan,Burundi,Belgium,Benin,Burkina Faso,Bangladesh,Bulgaria,Bahrain,"Bahamas, The",Bosnia and Herzegovina,Belarus,Belize,Bermuda,Bolivia,Brazil,Barbados,Brunei Darussalam,Bhutan,Botswana,Central African Republic,Canada,Central Europe and the Baltics,Switzerland,Channel Islands,Chile,China,Cote d'Ivoire,Cameroon,"Congo, Dem. Rep.","Congo, Rep.",Colombia,Comoros,Cabo Verde,Costa Rica,Caribbean small states,Cuba,Curacao,Cayman Islands,Cyprus,Czech Republic,Germany,Djibouti,Dominica,Denmark,Dominican Republic,Algeria,East Asia & Pacific (excluding high income),Early-demographic dividend,East Asia & Pacific,Europe & Central Asia (excluding high income),Europe & Central Asia,Ecuador,"Egypt, Arab Rep.",Euro area,Spain,Estonia,Ethiopia,European Union,Fragile and conflict affected situations,Finland,Fiji,France,Faroe Islands,"Micronesia, Fed. Sts.",Gabon,United Kingdom,Georgia,Ghana,Gibraltar,Guinea,"Gambia, The",Guinea-Bissau,Equatorial Guinea,Greece,Grenada,Greenland,Guatemala,Guam,Guyana,High income,"Hong Kong SAR, China",Honduras,Heavily indebted poor countries (HIPC),Croatia,Haiti,Hungary,IBRD only,IDA & IBRD total,IDA total,IDA blend,Indonesia,IDA only,Isle of Man,India,Ireland,"Iran, Islamic Rep.",Iraq,Iceland,Israel,Italy,Jamaica,Jordan,Japan,Kazakhstan,Kenya,Kyrgyz Republic,Cambodia,Kiribati,St. Kitts and Nevis,"Korea, Rep.",Latin America & Caribbean (excluding high income),Lao PDR,Lebanon,Liberia,Libya,St. Lucia,Latin America & Caribbean,Least developed countries: UN classification,Low income,Liechtenstein,Sri Lanka,Lower middle income,Low & middle income,Lesotho,Late-demographic dividend,Lithuania,Luxembourg,Latvia,"Macao SAR, China",St. Martin (French part),Morocco,Monaco,Moldova,Madagascar,Maldives,Middle East & North Africa,Mexico,Marshall Islands,Middle income,"Macedonia, FYR",Mali,Malta,Myanmar,Middle East & North Africa (excluding high income),Montenegro,Mongolia,Northern Mariana Islands,Mozambique,Mauritania,Mauritius,Malawi,Malaysia,North America,Namibia,New Caledonia,Niger,Nigeria,Nicaragua,Netherlands,Norway,Nepal,Nauru,New Zealand,OECD members,Oman,Other small states,Pakistan,Panama,Peru,Philippines,Palau,Papua New Guinea,Poland,Pre-demographic dividend,Puerto Rico,"Korea, Dem. People’s Rep.",Portugal,Paraguay,Pacific island small states,Post-demographic dividend,French Polynesia,Qatar,Romania,Russian Federation,Rwanda,South Asia,Saudi Arabia,Sudan,Senegal,Singapore,Solomon Islands,Sierra Leone,El Salvador,San Marino,Somalia,Sub-Saharan Africa (excluding high income),South Sudan,Sub-Saharan Africa,Small states,Sao Tome and Principe,Suriname,Slovak Republic,Slovenia,Sweden,Swaziland,Seychelles,Syrian Arab Republic,Turks and Caicos Islands,Chad,East Asia & Pacific (IDA & IBRD countries),Europe & Central Asia (IDA & IBRD countries),Togo,Thailand,Tajikistan,Turkmenistan,Latin America & the Caribbean (IDA & IBRD countries),Timor-Leste,Middle East & North Africa (IDA & IBRD countries),Tonga,South Asia (IDA & IBRD),Sub-Saharan Africa (IDA & IBRD countries),Trinidad and Tobago,Tunisia,Turkey,Tuvalu,Tanzania,Uganda,Ukraine,Upper middle income,Uruguay,United States,Uzbekistan,St. Vincent and the Grenadines,"Venezuela, RB",British Virgin Islands,Virgin Islands (U.S.),Vietnam,Vanuatu,World,Samoa,Kosovo,"Yemen, Rep.",South Africa,Zambia,Zimbabwe
2000,89858.61375,19945327.16,14857952.14,3103887.407,58984.32038,212709384.5,3075148.6,31011472.28,3011002.494,53283.32452,81928.37883,17251610.38,8010734.085,7732489.613,5071176.083,10202864.7,6168311.351,10889098.78,102594728.6,8159494.108,552155.5247,277641.3652,3748052.412,9990584.001,200551.4184,61033.96651,7150079.092,152272174.9,265865.6778,252334.356,533578.9371,1586330.884,2741968.118,27375515.97,108056088.1,7117740.49,144468.1055,13736614.22,1169789601,12496783.95,12798368.11,37283583.65,2566245.808,34977740.05,405681.793,372060.1889,3360770.029,6315348.685,11002682.47,142915.6337,40815.57333,925762.4991,10295575.44,82354313.61,712931.8508,70222.12769,5291857.843,6724410.126,24873688.12,1618442518,1929538635,1832094463,385924823.8,832168903.5,10992007.91,52435628.33,318247047.6,39947850.55,1381901.193,59728478.47,484697800.9,282071961.5,5053692.252,754789.7157,59006231.23,45424.82938,108330.3898,1062440.281,58646223.08,4441630.947,15719410.97,30664.37051,8697936.831,1079901.363,1215046.604,578430.0557,10593131.52,100793.9354,55455.8715,9786873.01,120776.009,758346.5571,1006193274,6362352.644,4893856.099,373848364.8,4514613.657,7943790.073,10221806.13,3358993562,3989030132,854436194.5,248239692,189466635.6,569852309.7,71781.65485,896517238.5,3747386.682,57487462.44,20987732.48,273366.1195,4949321.444,56854446.41,2504126.839,4926823.846,124846014.3,14694923.39,24516433.36,4453188.974,11739473.74,80273.56359,44775.97284,43940720.97,425118539.6,4470049.217,3163840.367,2678025.114,4855426.121,149670.2514,418170582,512029012.6,346949269.2,30654.87859,17200479.98,1998667333,4064317409,1669519.232,1849211509,3516756.047,427106.8083,2420329.553,411723.4096,33521.67825,25300774.08,31699.76239,3582502.099,12001748.06,231595.3167,229929955,88661474.74,50184.68185,3423000392,1983308.17,9852500.8,385936.7571,41591631.44,199196041.1,607372.9685,2164089.958,69617.90826,16651204.24,2317454.649,1168411.805,10266144.53,18437611.31,301199907.1,1476843.569,193971.3044,9047955.573,89142966.35,3650127.648,15175315.57,4391449.905,17471790.34,9407.781074,3683635.974,1097067227,2251458,16615342.63,109979783.3,2550735.866,18907139.9,54827463.89,18628.13493,4659236.496,38260025.42,422036196.3,3560903.767,21330489.74,10256167.85,3778756.112,1702828.004,983792528,218232.99,542778.1863,22392254.89,146204005.8,7696736.196,1040545771,18592832.05,21324940.53,7173640.613,3569516.456,360938.6738,4489226.076,5201626.257,25289.41875,8795352.916,479568060,6582465.016,479656513.6,25125334.72,133141.6906,467762.3102,5296388.638,1967628.484,8700504.431,941044.5227,80406.58241,12252603.03,17889.36421,7472323.131,1646248048,433122783.4,4370256.86,57974091.64,5172298.012,4125864.674,374368517.4,891716.956,201071633.9,96987.77027,1040545771,479656513.7,1251517.86,9037071.846,55122536.26,8896.441665,25451381.09,17004440.05,49831369.02,2021579366,3287270.541,273113032.8,18095977,104146.3233,17689626.18,18735.10906,110536.0475,62014959.29,151830.8457,4644033002,168291.4912,1890338.347,16083025.7,38178152.99,8602728.345,11349982.73
2001,92789.60562,20545478.34,15214803.28,3105343.035,59396.98842,214906625.3,3244487.25,31139355.27,2951839.647,54471.83996,83675.18496,17367713.62,8045063.888,7828043.639,5106118.854,10236231.09,6339740.791,11167562.49,103513234.3,8092272.278,562420.5656,280149.6076,3670988.799,9964586.73,203943.0402,61199.55821,7227116.916,153723152.9,266295.1322,255414.038,549256.6529,1620899.143,2763242.314,27544089.24,107696144.6,7156946.265,144957.3142,13857776.63,1176763762,12701139.27,13017383.23,37965799.23,2608973.55,35310275.46,412218.648,374617.0238,3412243.853,6342334.514,11077650.77,141364.8316,42870.5841,940557.482,10281809.73,82619880.29,732747.4183,70031.64942,5309372.205,6767119.198,25066867.71,1628932157,1946721050,1842197667,385737213.2,833029116.2,11151644,52785043.63,319056983.1,40136024.55,1372626.717,61296138.32,485677011.1,287027712.2,5066467.24,759555.9668,59187119.59,45382.15225,110242.6226,1084214.364,58790790.12,4386062.978,15946719.03,30631.4377,9026754.757,1107618.79,1235513.403,585117.5891,10640391.33,100605.4248,55476.1361,9920798.06,121425.8257,759262.259,1010086675,6429107.192,4960981.784,380066004.5,4475094.199,8055069.384,10148542.16,3380541433,4009293582,866591159.6,249783043.1,191355607.3,578211031.7,72129.92647,906963989.5,3782862.082,58272698.76,21462249.74,275245.3822,5007465.402,56821430.79,2515768.268,5077082.417,125328270.2,14491059.52,24917785.65,4486632.043,12086236.85,81096.251,45231.22287,44159292.24,428904800.8,4529078.969,3196704.278,2780591.403,4912311.688,151304.1744,420741020.7,519051378.4,352933762.7,30856.095,17279210.6,2023519565,4089235671,1684444.93,1858109390,3510163.638,431193.4938,2407045.429,419951.4932,34511.02521,25539155.36,32194.93468,3564717.395,12198342.27,234172.0918,231830596.2,89611726.98,51498.82387,3429995791,1980007.167,10050978.92,391392.8735,41942737.52,200480176.5,608940.7413,2192631.493,74053.16451,16978570.6,2365396.92,1178086.924,10426623.73,18702270.51,303762107.4,1504169.397,196415.8999,9251480.473,89857063.44,3668555.374,15240719.79,4404290.638,17612660.34,9486.40371,3740378.811,1102525691,2305696.685,16743799.98,111486922.9,2577659.926,18976934.31,55194855.7,18979.50966,4730180.158,38199585.09,428316213.8,3578448.446,21508051.06,10323729.02,3803858.344,1714706.11,987940480.2,221191.7879,554679.1218,22339758.3,146058383.2,8038483.438,1047636891,18902630.33,21676869.37,7256977.993,3645648.203,368609.3448,4566135.804,5229753.154,25419.6919,9015117.199,484613232.8,6774123.983,484710880.1,25321572.23,136079.4406,473670.02,5299281.529,1967468.024,8724625.924,960024.3253,81632.30744,12411007.95,18368.8687,7658872.877,1658627815,433058448.5,4462860.021,58387473.64,5216367.849,4173724.632,375497337.6,899299.184,202294549.8,97362.7889,1047636891,484710880.2,1260370.889,9137824.637,55638169.11,8908.364415,25824593.19,17253235.68,49700624.81,2032635222,3305735.812,275521397,18191198.62,104201.2348,17790902.48,18917.50083,111128.2826,62297337.32,153717.8645,4653096768,169199.9903,1871869.165,16731037.82,38576901.24,8742076.457,11505119.23
2002,96132.83456,21125637.77,15577671.2,3107964.003,59778.96765,217081692.7,3420619.922,31265889.75,2884491.907,55829.03495,85498.94778,17473735.94,8088019.577,7930985.756,5141770.875,10273562.93,6518740.818,11462517.54,104393452.5,8068306.514,572644.6327,282591.8101,3583287.68,9941945.271,207340.1025,61350.57033,7302411.02,155180038.1,266659.9262,258483.9013,567813.2822,1657896.936,2784891.799,27699758.24,107213220.4,7201623.283,145449.07,13974551.51,1183472969,12910214.94,13235822.53,38674466.2,2652505.199,35641733.49,419299.5951,376165.7207,3463879.079,6366799.968,11171767.08,139766.8179,45017.79066,954410.7293,10262996.73,82957478.91,752537.976,69836.17487,5328481.215,6808913.996,25252293.83,1638804709,1963868439,1851755728,385460617.3,833888036.2,11312309.56,53127186.59,319886966.9,40338566.29,1364381.69,62871713.16,486886759.3,292071337.7,5076628.681,764221.5482,59366559.16,45338.64275,112354.1534,1107145.155,58922692.81,4333915.03,16171600.37,30827.3975,9390235.769,1136548.237,1256340.623,589387.0644,10685909.5,101603.0573,55490.23561,10053358.94,122068.5119,761215.0628,1013987436,6492798.011,5028547.528,386515631.9,4431905.921,8167359.483,10070826.81,3401775222,4029704824,878863930.8,251365098.8,193200809.3,586733769,72498.33098,917454067.8,3827610.879,59132495.7,21946223.79,277102.4549,5063642.448,56811368.02,2526122.136,5236775.119,126352625.2,14286866.29,25314748.94,4517112.054,12515490.43,81872.05696,45479.83531,44371442.46,432703553.5,4590414.891,3247984.574,2874791.321,4967982.325,152945.8799,423325652,526231761.9,359181360.2,31162.51391,17350981.19,2048286586,4114330029,1699429.347,1866466054,3505408.817,437023.5964,2393995.206,428603.2872,35669.28264,25778228.52,32751.44855,3542609.279,12401167.13,236512.469,233778457.1,90542074.46,53081.81258,3437048736,1977953.844,10255456.48,397924.2466,42295024.25,201795739.6,610166.749,2223886.396,79159.7918,17291592.1,2413897.648,1187781.443,10577035.55,18972284,306219200.3,1532347.073,199723.1149,9468212.11,90547261.31,3687137.409,15310302.51,4432349.431,17759634.15,9561.90339,3805812.569,1107821339,2365105.058,16874451.98,113024394.1,2604626.37,19047352.6,55562497.67,19319.85295,4802080.78,38143041.66,434766562.1,3595028.995,21671606.17,10395030,3829589.791,1726251.614,991771495,224130.63,566651.2817,22291793.63,146048804.3,8349297.32,1054730650,19245269.59,22027515.25,7342428.236,3723975.652,376542.8661,4647304.181,5254095.379,25523.94946,9174444.132,489742596.6,6924301.535,489862534.7,25516096.84,139246.546,479400.4547,5301153.014,1967089.303,8754970.379,980415.8629,82938.36692,12573266.34,18792.16398,7849134.76,1670330818,433095355.9,4554064.133,58807825.24,5259901.038,4217998.867,376604409.2,911115.1193,203520862,97770.22604,1054730650,489862534.9,1270236.804,9238333.411,56155702.38,8920.106937,26203427.54,17515613.4,49601413.81,2043237822,3324322.483,277760692.5,18287201.75,104260.1511,17892460.24,19045.13167,112092.8308,62575466.07,155599.5834,4662079281,170224.6452,1874263.649,17451644.04,38977189.36,8884203.266,11661938.25
2003,99370.78703,21675492.29,15951587.67,3111301.894,60135.44879,219256293.8,3609249.024,31392161.95,2848716.311,57342.4658,87375.47728,17587940.13,8127796.039,8041164.691,5177182.083,10313512.97,6704859.423,11771543.34,105247610.4,8068168.626,583991.3609,285092.244,3528765.529,9919649.375,210762.3641,61497.3424,7376433.781,156638303.7,266974.8043,261559.4489,587898.2969,1698282.645,2807067.495,27857738.49,107011660.6,7249026.113,145954.0245,14089365.09,1189974923,13126153.75,13456239.61,39408910.68,2696802.02,35971042.37,426860.1898,376803.5548,3515052.34,6390987.889,11278529.93,139447.3376,47262.32718,968451.7392,10259840.11,83301049.26,772903.2485,69664.90855,5348198.396,6849693.864,25436347.59,1648333044,1980995089,1860881917,385470875.2,835102587.9,11473399.37,53457857.07,320768836.2,40556145.7,1356600.681,64428193.86,488199541.1,297317224.6,5085442.474,768782.76,59534607.3,45306.32624,114871.1646,1131192.659,59032574.54,4291938.526,16396190.44,31138.11551,9766553.753,1166928.815,1276995.814,591535.9535,10730667.27,103244.076,55517.11067,10184759.59,122709.7423,764919.4634,1017901266,6556460.767,5097984.316,393170602.1,4415802.608,8281326.303,10045664.73,3422633317,4050192570,891418620.1,253006249.3,195004708.2,595538752.8,72885.29082,927990087.3,3877210.011,60231103.86,22440682.85,279018.3092,5118637.22,56842853.38,2535861.007,5404930.886,127682620.6,14081355.32,25711800.67,4546744.815,12989531.38,82632.11101,45592.86458,44604378.38,436503411.4,4654920.508,3302251.765,2965113.818,5023157.411,154593.3916,425914750.1,533652957.7,365745911.6,31307.53415,17417836.8,2072900227,4139506827,1714493.998,1874408925,3500568.247,443329.9731,2381368.863,437751.6649,36698.41733,26017156.3,33404.23984,3520248.391,12610847.43,238762.8657,235796136.3,91460425.45,55009.77563,3444136468,1984998.794,10466311.04,405011.2009,42649708.68,203158976.5,611186.1875,2256626.114,84636.33621,17593573.74,2463821.872,1196685.148,10729705.84,19247050.69,308572236.4,1561314.306,203252.6981,9697480.182,91229162.27,3705804.932,15384193.82,4434124.805,17911829.8,9636.10437,3875224.787,1113295389,2432254.124,17007765.96,114609741,2631456.1,19118121.84,55930362.1,19646.65611,4875896.239,38090016.97,441450189.9,3611241.466,21834191.79,10475620.73,3856235.801,1737614.691,995273390.7,227036.6879,578609.4917,22264937.9,146065851.1,8650730.59,1061825620,19640660.97,22377200.43,7429826.282,3804519.011,384842.1551,4737221.321,5276993.02,25614.39035,9283789.349,494986813.6,7050272.69,495147449.3,25709140.82,142697.7438,484420.748,5302098.62,1968467.093,8786651.638,1002128.428,84310.45092,12741479.85,19168.54233,8042905.799,1681726269,433369203.2,4644978.527,59236553.86,5303688.195,4259271.841,377692874.2,924667.6159,204771168.2,98374.79419,1061825620,495147449.6,1281030.313,9341005.589,56673244.83,8938.226093,26585961.96,17792403.39,49464207.54,2053451338,3343182.408,279885337.1,18383634.62,104296.354,17994230.33,19118.96822,115200.664,62847989.16,157482.3364,4671074113,171097.7575,1892123.577,18203923.78,39377945.18,9030290,11820792.67
2004,102525.7642,22176012.02,16343562.37,3108052.165,60469.00204,221462527.3,3818229.55,31518483.26,2817575.789,58993.52576,89179.52257,17702769.73,8161738.69,8152159.189,5211236.549,10358270.65,6897320.567,12090695.56,106092858.3,8069254.08,597946.5639,287874.4155,3476863.857,9890417.34,214240.201,61646.16501,7449905.527,158090360.9,267280.6669,264656.6667,608205.5658,1743233.351,2829951.688,28010942.06,106853274.6,7305052.562,146452.2435,14204795.46,1196275876,13351516.55,13682074.25,40167221.22,2741792.347,36296593.73,434790.1236,378258.4356,3564948.448,6418430.684,11388351.13,139198.898,49657.15179,983422.1078,10259132.6,83731354.69,794622.0381,69501.54439,5367021.199,6889362.864,25628106.33,1657504197,1998132246,1869723817,385621051.8,836473274.9,11634105.5,53771763.6,321615155.1,40775038.89,1347889.187,66099488.2,489494748.8,302919767.9,5095024.022,773298.0128,59686941.21,45277.39603,117820.4499,1156265.265,59128242.32,4252697.125,16623293.85,31424.69589,10128145.51,1199211.518,1296837.976,591970.0971,10776344.63,104835.5306,55580.5052,10315411.32,123356.2512,769489.8976,1021864084,6624636.479,5171231.262,399985399.9,4401008.856,8397775.385,10022003.84,3443043103,4070622981,904477357.5,254731079.8,196769927.3,604784348.2,73280.37197,938578069.4,3925180.628,61781162.85,22946842.91,281081.5258,5178146.52,56883330.17,2545919.394,5579408.827,128982878.4,13854028.23,26114998.25,4579738.588,13449287.33,83412.92492,45747.95734,44833030.12,440285102,4723531.707,3348644.249,3058838.372,5078716.976,156237.8612,428492195.7,541423943.3,372687158.8,31473.74306,17481602.46,2097291133,4164589571,1729637.36,1882152664,3498613.88,448964.6938,2369626.148,447520.1828,37730.27047,26254516.72,34223.62,3499024.943,12828000.69,241129.1105,237910579.3,92363198.07,57372.09159,3451214379,1994355.694,10684051.7,412059.6648,43008240.91,204589465.7,612190.1469,2288772.327,90136.05504,17955812.34,2516341.496,1206874.629,10904068.02,19525670.85,311033178.6,1590951.885,206298.4148,9937724.262,91924647.14,3724438.516,15458649.88,4438217.634,18067801.21,9710.954265,3940943.807,1118997985,2510351.803,17144222.36,116264252.2,2657865.384,19188772.28,56298695.74,19982.56401,4952857.73,38052065.71,448447849.3,3628287.289,21989963.69,10555911.57,3884135.092,1749214.263,998572348.2,229892.3682,590447.7635,22239589.62,146094641,8976551.487,1068925650,20112264.98,22726301.03,7518889.975,3887213.188,393636.7843,4841861.98,5297412.826,25712.784,9381421.891,500388162.7,7177911.561,500613269.3,25900939.94,146496.9262,489042.4541,5301451.469,1969798.381,8817157.935,1024972.932,85652.38248,12918212.69,19530.60753,8239775.689,1692755802,433765200.9,4737725.324,59664742.63,5348671.148,4298238.791,378767488.4,939749.5492,206071432.3,99123.25708,1068925650,500613269.8,1292226.978,9448754.266,57187700,8959.01289,26969500.07,18083975.43,49369846.52,2063406011,3361511.516,282092725.9,18479865.45,104288.1886,18096076.69,19144.79103,119140.9228,63121310.79,159374.2355,4680085869,171959.524,1912553.504,18938974.74,39777374.71,9181790.671,11981678.8
2005,105417.103,22608866.26,16757765.1,3092938.75,60784.41186,223723630.9,4051072.81,31645330.56,2786698.805,60758.15098,90851.52227,17816825.18,8187544.294,8267251.24,5243087.939,10407816.51,7095549.939,12417157.82,106942420,8084058.163,615418.2539,291061.4748,3429840.353,9848826.251,217798.3512,61810.93088,7523345.288,159530593.5,267533.5929,267788.287,627733.0145,1793329.939,2853682.983,28186125.18,106698953.2,7368270.464,146930.0271,14321776.15,1202421171,13587882.25,13915458.67,40948170.44,2787406.97,36617389.76,443007.6651,380394.8995,3613029.114,6450951.826,11493207.22,138971.2566,52189.62271,999539.1147,10255986.14,84202650.83,818251.2082,69338.12549,5384207.803,6927868.013,25834323.99,1666882505,2015301006,1878535068,385820572.5,837853033.9,11793888.77,54065753.81,322403602.5,41015560.95,1339139.612,67832565.42,490703797.6,308977789.3,5108220.029,777780.2653,59819932.28,45263.5177,121214.3815,1182292.661,59217420.16,4216226.535,16854342.02,31770.20744,10451081.39,1233516.555,1315391.535,591755.1748,10824002.42,106814.1495,55690.39668,10445633.35,124013.3387,773942.5668,1025866911,6700193.715,5249487.062,406927151.8,4386314.408,8517239.659,9998214.191,3462961466,4090910958,918171302.3,256555005.9,198500215.6,614569604.7,73686.94827,949222175.6,3975251.203,63919987.64,23465415.11,283422.1923,5239417.157,56936754.61,2556967.636,5758810.007,130274165.7,13589829.97,26528074.86,4620428.997,13855222.18,84240.99276,45874.35031,45057675.22,444036495.4,4796945.204,3389467.762,3161821.404,5135378.251,157882.0951,431047668.1,549611915,380039693.1,31670.65546,17543002,2121417286,4189465030,1744827.444,1889935596,3498092.922,453938.8756,2358676.119,457866.144,38660.29032,26489451.1,35263.90048,3477841.955,13052935.39,243759.4015,240138984.6,93264795.34,60212.68047,3458253983,2002892.654,10909112.29,418460.9734,43371746.48,206099617.4,613255.4905,2318274.123,95319.22795,18318558.63,2572178.521,1216296.599,11111296.86,19807362.41,313505058.9,1621180.349,209167.4011,10187718.39,92650018.05,3742962.252,15536621.85,4445272.703,18226560.44,9789.245384,3997353.181,1124822075,2601064.418,17284200.32,118001426.4,2683651.011,19259001.52,56667672.78,20321.20679,5033707.829,38026484.25,455809219.5,3646768.446,22159310,10641739.38,3913502.155,1761188.991,1001594716,232685.3623,602108.9066,22216420.48,146120437,9339231.647,1076033428,20676729.61,23074507.96,7609368.009,3971968.931,402998.5711,4965043.566,5314387.634,25827.42011,9491849.978,505971998.8,7328490.486,506289080.6,26091889.11,150662.5623,493616.5322,5301339.176,1970773.431,8849490.726,1048803.749,86958.56235,13105096.03,19890.78088,8439361.611,1704113631,434176419.3,4833557.898,60078652.41,5395619.692,4335542.922,379831838.6,956700.7365,207439728,99704.26409,1076033428,506289081.3,1303889.642,9563755.268,57697118.39,8980.384416,27352239.9,18390626.71,49273685.95,2073280363,3379147.335,284310893.2,18575488.68,104296.8935,18197926.39,19128.58751,122090.2371,63398334.75,161281.7151,4689142098,172845.6323,1937819.413,19612154.92,40174324.79,9339620.462,12144726.06
2006,107957.0725,22947318.13,17197610.81,3078710.461,61089.67402,226047290.8,4313736.673,31772447.73,2759709.66,62647.81046,92393.78993,17914040.15,8202086.986,8384468.104,5272250.503,10459180.92,7299397.207,12750239.39,107799051.1,8104030.531,637074.474,294508.455,3387059.408,9808195.569,221436.2986,61998.41413,7596897.776,160956964.9,267684.2322,270954.836,646076.4433,1849516.087,2878322.867,28385076.36,106569219.5,7429110.454,147420.2578,14441219.84,1208360849,13836386.23,14158456.23,41751091.87,2833772.258,36932738.76,451499.0192,383234.006,3658986.849,6488677.869,11589612.58,138748.7295,54863.21362,1016876.12,10251258.97,84563234.21,844094.3212,69211.03366,5398867.773,6965118.708,26057328.25,1676430210,2032500566,1887076934,386105271.8,839282776.1,11952413.74,54337554.27,323128291.9,41295207.52,1331241.386,69613990.85,491790668.9,315551694.7,5125561.727,782159.5828,59933634.58,45268.79246,125138.7517,1209275.425,59300149.2,4183850.589,17092639.48,32122.64621,10730165.84,1270152.241,1332461.217,590838.8878,10874168.94,108944.9157,55829.43502,10575405.23,124682.6673,778243.7898,1030019788,6784783.048,5333718.197,413991347.2,4371887.194,8639938.9,9973723.208,3482340061,4111013426,932627446.2,258487220.7,200192372.1,624961893.6,74199.35182,959917988.9,4029293.508,66708507.83,23997144.12,285955.6238,5304182.732,57004014.28,2569266.367,5943035.808,131579630.4,13338832.11,26955765.2,4668485.497,14193256.25,85129.23148,45977.22413,45268113.66,447750717.5,4875269.154,3432531.648,3275704.461,5193322.008,159524.2878,433575773.7,558265861.6,387843328.1,31921.71718,17602277.66,2145231297,4214077046,1760227.246,1897505222,3499088.523,458796.6695,2347787.803,468945.7132,39262.5186,26721453.23,36568.33216,3459102.211,13286301.21,246702.7385,242490503.7,94165316.37,63570.6597,3465240741,2010817.651,11141708.56,424048.2385,43739848.11,207696007.4,614519.9377,2344600.163,100124.5239,18702328.23,2631914.822,1225646.214,11358040.34,20092174.85,316060194.9,1651981.336,212269.4862,10447753.17,93410702.53,3761338.448,15623042.64,4460782.896,18387868.55,9872.171089,4042371.359,1130607813,2706102.332,17427490.9,119830168,2708730.181,19328666.09,57037090.9,20661.21752,5119107.594,38016191.54,463574266.1,3667158.178,22338668.22,10734668.15,3944453.514,1773271.701,1004823585,235414.2791,613496.3469,22195082.29,146120844.3,9745495.846,1083144711,21336940.35,23425088.16,7701291.653,4058941.498,413004.1977,5107913.889,5336725.989,25963.71625,9616815.795,511756788.2,7506146.677,512195937.4,26281669.93,155278.4915,497934.4266,5301618.359,1971356.451,8885709.404,1073577.371,88212.71031,13303035.78,20232.67603,8641920.25,1715598685,434646443.9,4932872.716,60481128.14,5444695.917,4371421.725,380886189.9,972063.9306,208880940,100053.0355,1083144711,512195938.4,1316034.966,9686925.346,58200391.74,9003.082755,27733421.4,18712151.26,49170160.92,2082874018,3395897.499,286576938.6,18670306.67,104345.8311,18299753.51,19067.62301,123818.5548,63685073.54,163206.024,4698209128,173755.5709,1964489.209,20214503.98,40568168.06,9504250.59,12310121.84
2007,110243.269,23201176.03,17659905.59,3075009.55,61392.91303,228433654.2,4600091.693,31899833.7,2711690.755,64656.71242,93828.04823,18026470.23,8208921.036,8481391.457,5299269.637,10513865.7,7509066.026,13091068.2,108660091.1,8117480.101,662119.4061,297879.5323,3352340.567,9781101.228,225151.7308,62202.92434,7670402.579,162370693.9,267776.1488,274152.3021,663387.0359,1910911.499,2903873.074,28493075.58,106252446.7,7487994.991,147719.8458,14545711.28,1214029618,14095983.04,14409590.28,42577155.18,2880852.506,37243405.08,460290.625,386794.3633,3703095.655,6530714.967,11695579.71,138540.0294,57663.2256,1034969.628,10238807.45,84820547.03,871796.5942,69076.22091,5411717.979,7001152.483,26296090.85,1684290716,2049717051,1895134510,386504458.4,840791857.1,12109952.09,54589733.75,323900017,41602206.18,1323621.642,71461740.72,492973879.3,322576444.4,5144177.54,786496.9464,60062730.99,45292.34481,129504.7984,1237239.382,59408983.66,4156026.671,17336508.35,32439.90826,10971589.95,1308883.108,1348347.599,589549.8993,10926511.89,111017.0533,56001.2388,10704648.57,125365.7596,783833.3858,1034294081,6876974.734,5423044.159,421193672.5,4355585.598,8765602.058,9949906.19,3501208795,4130992670,947729154.5,260517755.5,201848525.1,635890927.6,74837.35402,970663772.2,4090239.48,70056694.26,24541435.01,288166.1885,5369916.189,57098542.69,2582608.965,6133053.725,133024526.6,13133045.56,27395724.03,4719078.935,14479828.86,86068.89635,46085.18575,45489410.2,451437306.4,4958416.517,3474073.077,3398093.685,5252924.444,161159.0706,436083995,567335008.1,396070136.6,32115.26431,17658757.27,2168767924,4238510822,1775790.728,1904759413,3501466.141,463063.4737,2339288.979,480646.6565,39772.21161,26951175.42,38081.36109,3445786.854,13527741.56,249923.5091,244955232.2,95001977.59,67369.14739,3472195217,2019505.917,11381985.4,428862.2868,44112598.12,209371282.3,616098.9359,2368075.879,104587.672,19101618.57,2694997.722,1235578.351,11637203.01,20380401.38,318606603.1,1683413.373,214347.5373,10718230.9,94203872.41,3779626.623,15724900.58,4467929.087,18552303.22,9959.427663,4076318.423,1136929856,2823237.817,17574290.58,121742506,2733228.397,19397987.03,57406814.71,21005.37608,5208474.731,38035617.38,471704650.2,3688912.317,22449218.08,10838101.99,3976858.547,1785311.758,1008272884,238084.0792,624637.8893,22179699.57,146109303.9,10186272.64,1090257118,22088234.42,23776962.24,7794734.532,4148057.281,423574.825,5266701.738,5358328.718,26117.7743,9746611.63,517719903.5,7702584.04,518310058.3,26470969.96,160266.0059,502303.3909,5303115.239,1970935.967,8929527.071,1099309.005,89501.90106,13511036.96,20576.10675,8847384.959,1724900666,435229248.4,5035042.831,60869417.64,5496029.931,4406077.995,381929620,985120.4422,210391318.6,100523.8024,1090257118,518310059.6,1328568.584,9818181.608,58698964.55,9027.494757,28114033.75,19048767.32,49092969.57,2092140608,3411614.828,288872697.2,18764603.85,104461.3363,18401879.17,18968.30143,125500.6531,64001802.36,165148.2984,4707278934,174855.931,1991159.86,20756604.3,40959822.38,9675105.337,12478297.77
2008,112445.9417,23416866.57,18133870.32,3075896.732,61707.40805,230881189.7,4889186.092,32028558.39,2657479.463,66743.61911,95227.7182,18149761.16,8211326.755,8608994.903,5326127.53,10571638.02,7724826.707,13440807.9,109525873.2,8119741.835,688530.5841,304013.6771,3326038.216,9758871.38,228965.6237,62419.05902,7743690.7,163773217.9,267862.1435,277384.0392,679984.9191,1974057.229,2930333.666,28757662.46,105836535.8,7547395.039,148239.2438,14673100.42,1219672575,14363590.42,14663164.99,43428872.31,2928389.373,37551582.86,469385.9086,391120.3837,3746123.993,6587009.104,11796531.53,138379.5755,60482.25179,1054319.706,10226053.36,85074136.35,900550.8428,68912.11955,5424808.407,7036206.825,26548926.18,1694570516,2066939989,1903337762,387191276.8,842505008.7,12267289.45,54829499.99,324752374.4,41842205.61,1314040.77,73406189.25,494073564,329867358.5,5159442.373,790939.1896,60216546.66,45275.35244,134276.8606,1266163.448,59552311.37,4129687.78,17576534.79,32707.68994,11185103.69,1349201.874,1363874.836,588778.4844,10981016.57,112975.6652,56201.03958,10833609.43,126067.0084,790522.1611,1038997941,6974556.465,5514548.002,428553304.9,4339917.629,8893774.677,9927185.089,3519699808,4151002413,963071620.9,262621257.6,203484520.9,647144184.8,75514.86012,981469487.4,4147160.667,73760248.16,25096078.87,291938.0351,5438199.025,57222967.43,2596678.895,6329618.188,134297178.2,12945814.43,27836364.84,4779741.548,14739666.14,87028.47703,46283.06892,45710038.96,455119703.5,5046541.719,3519729.771,3524981.242,5315304.608,162794.8171,438589973.3,576664002,404599678.8,32373.87187,17714068.36,2192160617,4262976065,1791018.619,1912482359,3505280.958,467114.1742,2334030.843,492708.6479,40509.90251,27180274.69,39612.84587,3436476.611,13775265.74,253380.6852,247510014,95914093.52,71388.75361,3479167155,2028999.166,11630307.32,433056.66,44491813.94,211108246.4,617789.4281,2389825.318,108765.6429,19515384.18,2759608.232,1244926.847,11936602.5,20672233.01,321166972.7,1715559.354,217611.6681,10998085.14,95027347.89,3797961.109,15841526.88,4488151.767,18720655.22,10049.04418,4112270.503,1144154601,2945652.411,17725881.52,123715970,2757533.922,19467450.15,57777122.37,21358.49143,5299848.433,38085911.56,480078146.7,3711638.339,22673430.49,10952875.18,4010408.918,1801047.018,1012337296,240696.8173,635762.9396,22177655.35,146127242.6,10647553.85,1097376302,22928495.54,24120534.35,7889668.61,4238776.846,434440.5661,5434314.907,5384561.83,26284.38777,9878554.838,523793211.5,7910182.43,524558041,26662279.72,165298.4853,506476.176,5306155.151,1970243.694,8982280.617,1125982.427,90967.98913,13726657.43,20950.06564,9055198.012,1737289082,436084363.8,5139289.205,61247153.31,5550267.639,4440022.679,382963084.9,997523.175,211969447.9,101129.2511,1097376302,524558042.7,1341577.46,9957326.419,59196441.25,9056.136118,28496118.51,19401370.4,49046565.74,2101336583,3427417.721,291195911.1,18859019.72,104488.879,18504727.18,18860.92197,127733.2273,64347944.39,167115.5091,4716441754,176204.8905,2018817.22,21255281.64,41351819.51,9850884.574,12649803.29
2009,114755.1174,23626169.74,18604413.35,3075839.129,62051.26505,233382565.9,5152416.706,32159355.43,2626089.147,68845.0526,96678.80426,18279711.07,8215739.914,8735923.362,5355379.163,10630151.76,7947066.916,13801246.2,110395374,8113035.632,713432.438,310186.4278,3303287.129,9733877.188,232903.3303,62633.85676,7816479.913,165167007,267948.9062,280649.3103,696435.2189,2034170.792,2957677.735,29024830.33,105755853.5,7605017.27,148809.4628,14799134.62,1225288399,14634113.43,14911230.46,44309582.87,2975971.632,37860322.56,478796.0533,395010.3076,3789175.471,6642457.547,11868390.46,138299.9988,63100.17452,1074221.652,10221050.8,85300145.46,929331.8356,68775.88017,5440742.483,7070615.024,26811692.62,1704862045,2084157133,1911481886,388363828.3,844457648.3,12425559.7,55067282.57,325586227,41984027.94,1299993.934,75361539.69,494818355.9,337165839,5166479.555,795477.4915,60377381.21,45373.18681,139356.2836,1296019.912,59683001.5,4103136.705,17799786.55,32932.58546,11388084.44,1390146.058,1380126.796,589178.9232,11037066.99,114824.5255,56408.96112,10962609.03,126791.0875,796128.2456,1043412641,7073148.51,5604148.622,436098564.8,4327955.583,9023442.767,9906846.985,3537998117,4171249010,978097994.6,264754748.7,205120078.9,658425623,76244.62241,992342855.6,4187852.368,77531413.08,25657923.89,295799.5484,5506303.811,57325792.56,2610928.925,6533685.62,135029659.6,12752267.41,28261306.87,4828452.782,15009761.64,87964.64934,46632.19251,45915841.25,458830262.4,5139701.832,3566297.451,3651937.487,5381814.819,164434.0556,441118200.2,586037315.9,413264162.8,32531.34441,17769567.53,2215598204,4287747847,1805233.715,1920129574,3523528.344,471424.4595,2330906.472,504600.2003,41361.79928,27411032.38,40999.25611,3431439.148,14026123.2,257002.5468,250112910.3,96822397.98,75332.22569,3486220141,2036608.614,11887066.98,436934.6539,44879776.21,212876990.4,620851.449,2411800.871,112784.0778,19935623.47,2823225.17,1252725.586,12235438.29,20967982.96,323697087.4,1748530.211,221268.3725,11285904.87,95876011.45,3816527.139,15950967.91,4499272.351,18894050.41,10136.91585,4164281.365,1151111872,3063825.006,17883966.35,125713075.2,2782187.772,19537728.76,58148444.95,21707.51232,5390321.415,38161520.42,488522527.4,3734030.02,22905178.7,11067731.77,4044555.663,1816725.883,1016166722,243256.4073,647203.236,22176073.57,146254805.5,11107846.21,1104511072,23852368.49,24442836.14,7986069.252,4330358.002,445213.6726,5601265.391,5406223.683,26451.57947,10004932.49,529883143.8,8116826.711,530838865.7,26858842.76,169936.0485,510345.347,5310155.558,1970156.947,9036124.801,1153589.583,92603.03417,13945764.45,21329.98013,9264373.547,1749830414,437402908,5244512.955,61617866.23,5608131.85,4474142.217,383987522,1009060.635,213612670.2,101683.5465,1104511072,530838867.9,1354557.77,10103691.25,59697816.29,9092.634404,28882652.52,19771007.36,49079367.73,2110476813,3443283.1,293665824.3,18954428.52,104671.0238,18608783.43,18782.45705,130037.9012,64711296.52,169115.8474,4725747809,177641.2479,2051331.56,21741237.06,41747678.86,10029268.23,12825316.22
2010,117293.1959,23852526.52,19061256.66,3054523.412,62433.89533,235963631.2,5371455.164,32291805.19,2589704.806,70926.8551,98260.47543,18407929.97,8234344.945,8847901.16,5388760.228,10692993.19,8176060.017,14173603.59,111267728.5,8107695.417,734786.7645,314068.2222,3277549.717,9684128.04,236981.1122,62842.7541,7888700.362,166553005.4,268031.2726,283942.7951,713054.4103,2088013.225,2985877.276,29232493.94,105668264.7,7665613.128,149406.7495,14914672.65,1230802869,14904071.39,15148574.85,45221080.84,3023378.369,38171665.33,488526.406,398684.5022,3833048.376,6684975.856,11923809.6,138261.687,65334.80706,1094307.188,10215814.79,85516552.13,957352.5117,68715.09355,5461398.828,7104611.99,27082220.66,1714258788,2101362518,1919484572,389518711.1,846477428.3,12585563.55,55310408.65,326359463.9,42076929.92,1282578.465,77378103.71,495389829.1,344289109.7,5170889.67,799264.9563,60529321.8,45407.57249,144145.2287,1326781.58,59757861.38,4075206.879,17998217.89,33199.28968,11593508.62,1431281.532,1397888.397,591906.6665,11094474.04,116960.5182,56602.36463,11091866.47,127542.922,800806.8642,1047377353,7170111.209,5689130.086,443847569,4313235.8,9153878.046,9886568.321,3556232215,4191861853,992431187.6,266887471.8,206766357.9,669533645,76980.15162,1003289881,4217199.383,81147344.55,26224737.7,298680.6054,5575348.802,57395913.69,2624980.687,6745932.504,135420841.2,12447807.23,28660360.89,4859807.644,15316681.37,88850.22068,47034.62474,46110764.03,462589999,5237710.573,3612104.413,3775035.757,5453330.044,166083.4767,443684719.2,595302390.1,421944636.7,32777.75765,17824095.34,2239236767,4313031095,1818025.229,1927220782,3531277.232,476049.4511,2326421.883,516006.4282,42058.75066,27644979.62,42178.59889,3426906.779,14278430.76,260717.8537,252734270.4,97692040.47,78974.17196,3493393510,2038965.83,12152626.06,440716.8036,45277525.28,214654195.5,622368.9255,2434418.964,116758.4833,20387673.23,2884128.159,1260789.696,12521569.82,21268865.79,326120224.6,1782399.36,224475.3141,11580693.64,96745939.23,3835444.982,16056570.05,4525504.121,19073287.69,10220.94045,4237910.525,1157284212,3170970.695,18048595.25,127707577.8,2807552.096,19609259.75,58521161.02,22060.26191,5477934.35,38236603.55,496917343.8,3755500.08,23095815.79,11171784.14,4078900.789,1828811.689,1019743684,245768.4165,659169.1897,22163358.47,146346437.9,11547262.86,1111669009,24851049.46,24736245.49,8084179.887,4422326.773,455628.443,5760002.304,5427552.411,26613.91951,10100782.12,535924185,8313175.137,537081076,27062995.62,173884.0856,514164.0472,5303754.024,1969054.716,9089220.784,1182098.68,94468.00467,14165378.2,21680.31689,9474542.73,1761199488,438857452.6,5349791.547,61972580.51,5670011.184,4508786.342,385003238.7,1021201.562,215302594.6,102109.8266,1111669009,537081078.6,1365669.126,10256663.38,60206385.41,9131.607737,29275783.46,20157782.17,49024447.52,2119592904,3458846.756,295907330.1,19051377.74,104714.9605,18715463.01,18760.33628,132534.4513,65244472.88,171154.1403,4735138267,179453.243,2094605.398,22238149.94,42149766.04,10208580.89,13005066.92
2011,120122.7894,24127007.54,19500229.91,3030747.208,62859.66126,238590439.3,5534563.593,32426306.54,2559625.237,72958.16036,99951.337,18525634.59,8187107.942,8953361.449,5427082.555,10759749.09,8411890.2,14558229.33,112143398.7,8097723.951,751786.6022,318173.7092,3248067.263,9632318.161,241210.6054,63043.4605,7960086.395,167931231.7,267782.9837,287264.8713,729856.136,2133753.518,3014950.352,29418235.5,105576650.1,7731809.457,150034.1409,15023068.86,1236360563,15172400.75,15373138.02,46164726.62,3070496.922,38486393.65,498577.8496,402581.5321,3878015.334,6725214.304,11893015.87,138287.992,67147.60088,1115524.636,10209749.6,85802306.22,984292.5606,68704.8982,5487844.694,7138275.65,27359587.7,1723394663,2118542466,1927518104,390895793.9,848126701.7,12747517.68,55561542.44,326830030.7,42069348.37,1265879.09,79517635.39,495194587.1,351169358.2,5177857.676,803779.135,60623587.82,45427.35641,149142.3525,1358443.305,59607615.14,4050130.477,18167555.17,33474.7023,11803197.77,1472170.342,1417463.013,597263.6289,11153155.29,119220.5707,56813.31341,11221462.71,128321.1198,804889.0598,1050690924,7264569.802,5768292.665,451806406.3,4298793.655,9285031.258,9867485.412,3574447615,4212892642,1005908968,269012380.9,208430072.5,680380517.9,77659.09792,1014311891,4240565.042,84549183.07,26795681.32,301574.5662,5644719.991,57454766.98,2638739.655,6966509.072,135723897.5,12142162.63,29028690.57,4897260.91,15667301.66,89679.10282,47408.30994,46250554.31,466407390.9,5340768.494,3651785.976,3894311.609,5530318.898,167738.2985,446295855.8,604400694,430595054.7,32759.26312,17878994.31,2263090289,4338858282,1829091.017,1934399709,3540040.377,480358.129,2320718.623,526751.6292,42783.52748,27882639.4,43125.87555,3419007.793,14531441.31,264528.8507,255367487.1,98544091.02,82239.17538,3500702854,2039625.514,12427252.9,444414.938,45685850.58,216435964.4,623622.4835,2457934.19,120666.5207,20879218.67,2941605.372,1265993.537,12788181.22,21573670.56,328411233,1817190.942,227228.0803,11881925.99,97637828.33,3854762.694,16151498.29,4517925.516,19258633.48,10300.75217,4339031.779,1162464350,3264455.261,18220746.76,129692630.1,2833761.325,19682217.97,58895163.82,22426.2908,5561952.472,38316678.06,505216910.9,3775794.34,23272910.52,11353597.11,4113363.775,1841342.828,1022820182,248227.6072,671744.9304,22158014.51,146537366,11962058.99,1118848035,25924679.2,24996286.87,8183637.936,4514424.548,465552.3622,5908449.9,5454068.003,26767.06515,10126926.25,541888831.1,8496860.466,543256182.5,27275447.64,176958.0445,505137.3901,5305077.616,1967964.887,9149147.881,1211489.457,96730.57949,14384807.99,22017.80347,9685111.437,1772260774,440494725.6,5455025.457,62312413.87,5736222.121,4544142.939,386010696.7,1034924.563,217046015.9,102244.9614,1118848035,543256185.6,1377128.916,10416237.13,60723414.4,9170.359537,29676166.63,20562681.14,48969660.11,2128795018,3475496.275,298036754.5,19150094.87,104714.5264,18823701.51,18807.59948,135305.9132,65770082.69,173233.0765,4744636473,181119.0746,2147144.146,22748914.75,42558853.11,10388474.42,13189100.57
2012,123205.1247,24442370.94,19925801.56,3027602.075,63331.63841,241229146.3,5650698.319,32562766.48,2537523.425,74959.82902,101755.5477,18663055.43,8241691.934,9067215.38,5469377.278,10825572.32,8654301.493,14954440.2,113022283.5,8062094.273,765141.5951,322567.9677,3217197.374,9602835.854,245583.7372,63231.4521,8030506.192,169298930.6,267480.0862,290612.5013,746603.9122,2172743.179,3044892.152,29660161.47,105502663.8,7812780.467,151246.2068,15139249.77,1242034153,15439636.91,15588004.51,47138042.56,3117553.183,38803439.44,508936.5853,406826.0805,3923844.032,6766230.462,11943491.61,138441.4175,68638.50257,1137359.519,10204819.2,86174294.33,1010431.514,68644.97495,5518352.954,7171523.219,27645162.51,1733446796,2135696385,1935790958,392341114.7,850257577.2,12911037.61,55819291.15,327555066.9,42120156.27,1251818.335,81772231.85,495787882.9,357869294.4,5186192.161,808161.4784,60762343.42,45467.13856,154813.9183,1390985.564,59756268.64,4032747.1,18313987.01,33706.67921,12012508.21,1513190.564,1438576.144,606029.679,11213397.73,121340.5279,57045.48527,11351361.34,129119.307,808992.5946,1054580589,7357529.049,5842857.601,459971258.1,4286959.04,9416796.163,9851036.284,3592590254,4234267326,1018720536,271132100,210106914.6,691032932.5,78334.32438,1025394791,4253450.997,87756005.02,27371425.31,304770.9765,5717281.263,57504632.82,2652322.775,7195018.795,135791524.1,11960314.23,29374203.32,4937508.988,16053016.99,90562.35372,47629.10309,46453418.96,470269310.1,5448179.26,3687424.22,4004518.264,5612301.603,169403.4474,448942009.9,613387229.9,439253810.8,32928.03289,17935463.11,2287083119,4365102258,1838754.446,1941761778,3549664.758,484483.4785,2314052.303,537159.8645,43869.68398,28123201.31,43876.55662,3417749.937,14785966.82,268446.7853,258011398,99415101.41,85158.63644,3508127655,2041304.552,12711129.34,447945.0012,46102433.7,218222544.8,624147.7609,2483078.721,124467.531,21418291.33,2996438.692,1274761.216,13041167.32,21881497.45,330719068.7,1852854.313,230192.2833,12189875.7,98553420.12,3874405.158,16263048.18,4530929.879,19449802.57,10376.82395,4463531.149,1168635695,3345988.629,18399332.34,131672882.9,2860672.321,19756328.89,59270238.93,22805.12361,5643169.86,38411670.75,513463475,3795236.972,23489291.2,11438204.94,4147942.32,1853954.048,1025992971,250639.2149,684793.3151,22163920.16,146748412.4,12359839.77,1126043421,27060232.59,25230457.16,8284198.359,4606950.558,475076.7564,6047062.246,5476201.209,26919.38277,10060158.36,547800637.6,8671626.381,549388335.9,27494617.11,179299.7842,512804.6815,5304976.61,1967247.588,9200614.363,1241642.277,99277.27921,14604262.36,22386.79419,9896792.427,1784471745,442267594.5,5560257.69,62647137.13,5806309.407,4580461.077,387008822.7,1049811.53,218836309.3,102732.1105,1126043421,549388339.6,1387783.765,10582225.73,61247005.61,9211.215551,30083237.2,20983601.21,48935513.89,2138161519,3497989.651,300205291.3,19250224.97,104718.3267,18932064.45,18915.9398,139174.5147,66122890.3,175348.8191,4754249906,182222.7879,2205637.64,23264620.49,42973537.73,10568943.42,13376972.46
2013,126438.1983,24778598.62,20346855.75,3031546.334,63853.87774,243907034.7,5744901.103,32700717.7,2519708.422,76958.26125,103605.5989,18799135.05,8304371.835,9178314.348,5513940.299,10893681.47,8902684.745,15361137.54,113898975.9,8044804.211,775909.2517,326909.5657,3186217.552,9579054.037,250073.6922,63424.76001,8100271.751,170650974.5,267196.1748,293976.3104,763309.3809,2208823.187,3075618.032,29904432.25,105434472.7,7923963.656,153176.2348,15252793.8,1247749953,15706265.43,15799503.78,48134266.77,3165167.611,39120618.39,519575.9486,410830.8676,3970220.485,6806004.754,12014678.47,138645.1304,69898.20138,1158803.783,10208113.69,86633547.34,1036586.772,68659.11563,5550517.186,7204219.579,27936989.08,1743557977,2152848861,1944180210,393912453.3,852673098.4,13075618.02,56081278.38,328314202.1,42192291.67,1238524.935,84073730.85,496548473,364500609,5196965.302,812359.2092,60908190.44,45498.71247,160589.0597,1424349.122,59921391.47,4017122.01,18452770.66,33963.28911,12221790.29,1554330.07,1460877.176,614825.6506,11275080.98,123633.743,57279.2503,11481496.47,129933.0133,815662.8499,1058557716,7449236.625,5915564.245,468335864.3,4275716.095,9548479.706,9835461.447,3610562408,4255812820,1031277127,273241153.7,211785199.2,701637776.1,79086.05021,1036516807,4255149.584,90723525.22,27953394.06,307921.0404,5789162.22,57544374.28,2665782.913,7430754.395,135544273.1,11808800.22,29715304.72,4983353.398,16462023.57,91601.17919,47813.69728,46664933.47,474147157.4,5557665.838,3729699.456,4110302.603,5697780.56,171071.2514,451602719.7,622364706.6,447992552.1,33126.01299,17992650.68,2311198937,4391583995,1847984.411,1949219619,3560810.397,488940.4841,2307482.372,547142.9263,45151.2084,28364976.84,44514.57282,3421281.735,15043645.31,272445.3036,260653065,100273913.2,87752.31458,3515609307,2049265.405,13004361.86,451349.3758,46521387.75,220005234.6,624311.2148,2509669.958,128191.6666,21935487.56,3050269.8,1283238.033,13280245.26,22194125.8,332948046.8,1889291.036,233397.9726,12505342.15,99490843.69,3894210.064,16372823.62,4547907.835,19646371.17,10450.72478,4596178.568,1174780095,3418407.128,18581471.54,133650621.6,2887961.606,19830997.95,59646624.38,23188.05651,5723157.162,38508187.58,521737729,3813594.932,23706688.41,11518499.07,4182468.984,1866362.924,1028989585,253031.5979,698062.3869,22171225.27,146962863.3,12743421.59,1133260330,28218764.47,25457976.56,8386325.615,4700628.573,484441.5745,6174707.391,5497127.745,27067.90593,9947841.231,553706234.4,8840555.68,555524580.9,27717918,181336.3924,521203.6488,5303138.892,1966827.059,9249124.595,1272329.655,101842.2326,14823115.48,22772.39161,10110375.86,1796777928,444172920.4,5665353.773,63066074.73,5878900.544,4617922.542,387994410.7,1066588.681,220648866.8,103836.3511,1133260330,555524585.2,1397679.081,10753422.31,61773159.2,9254.730378,30496474.27,21413762.85,49009468.72,2147627850,3526694.999,302331146.3,19351003.32,104702.1484,19041173.51,19067.45798,147300.7014,66494367.13,177491.3551,4763970569,183036.2824,2269974.602,23786671.09,43391290.72,10749311.2,13567930.04
2014,129659.77,25127147.3,20776922.2,3037981.98,64427.34811,246611036.2,5853115.656,32839054.4,2503699.367,79010.9223,105447.1519,18930283.28,8370878.567,9281252.088,5558062.253,10968092.79,9156221.263,15776762.74,114766286.1,8032633.164,785890.6859,331108.2083,3158133.984,9558055.845,254642.9894,63630.12236,8169502.159,171980839.3,266706.7504,297340.4368,779974.8381,2247591.57,3107015.419,30125702.39,105356351.1,8087720.75,156160.8947,15363149.92,1253486729,15973306.27,16016677.06,49144245.39,3214104.979,39434824.46,530461.7966,414681.6335,4016622.095,6845224.3,12086382.91,138855.8515,71055.45921,1179780.522,10209621.13,87186122.75,1063748.047,68685.90474,5580641.752,7236152.466,28233146.95,1753407934,2170023833,1952664732,395453497.9,855087054.4,13240450.97,56343632.41,329071740.3,42280865.28,1226564.89,86405299.61,497293035.5,371234871.1,5208849.438,816425.5245,61062679.71,45524.072,166109.4247,1458461.862,60119913.41,3993734.521,18605177.13,34244.88857,12424529.52,1596055.368,1483732.216,623969.2394,11338334.9,126053.4006,57527.87503,11611750.99,130750.3462,821949.2919,1062632927,7540857.946,5990296.695,476885449.6,4264665.707,9679270.535,9819793.124,3628219164,4277286849,1044168310,275336691.1,213447918.4,712404611.9,79940.95846,1047644795,4257621.811,93419796.26,28543626.48,310846.624,5863292.574,57599706.69,2679231.755,7672791.874,135333278.6,11644780.61,30077582.97,5031167.075,16878901.4,92933.12936,47943.5558,46872935.58,478001131,5666223.185,3790063.245,4214687.621,5784666.129,172735.9304,454249403.7,631487269.9,456921772.1,33308.47494,18048931.3,2335347177,4417995936,1858134.723,1956804242,3573140.524,494363.1039,2302491.72,556997.916,46451.40767,28605581.48,45156.62697,3427696.008,15306899.3,276493.3588,263278547.4,101103282.1,90078.34752,3523067464,2055356.144,13306990.94,454533.0641,46934863.48,221775746.8,624577.7256,2537020.21,131805.0731,22480896.56,3105496.171,1292105.784,13511541.54,22511761.57,335240186.8,1926360.973,237185.2028,12829554.29,100447617.7,3913951.461,16479642.85,4564648.098,19847675.1,10523.05998,4723429.712,1180875096,3486429.752,18763254.58,135632517.6,2915192.868,19905399.43,60024316.16,23574.98084,5804256.449,38603606.94,530159484.1,3831041.188,23907480.58,11595930.28,4216778.806,1878482.574,1032270733,255442.2809,711171.2466,22183386.74,147167107.3,13123314.43,1140498980,29350232.97,25705239.01,8490054.577,4796569.02,494005.7328,6290623.496,5521438.889,27218.31288,9846950.793,559676408.1,9008269.835,561736855.4,27941076.9,183683.9041,530671.8329,5300969.148,1966833.19,9296146.708,1303242.767,104286.3827,15040963.48,23161.20265,10327609.68,1808689788,446040158.5,5770208.279,63524512.54,5952101.704,4656955.374,388963141.6,1085132.675,222452108.5,104800.035,1140498980,561736860.2,1407321.983,10928341.73,62296258.5,9297.370736,30914869.98,21844230.36,49064529.99,2157172774,3564706.092,304537194.4,19451359.15,104678.4469,19150107.92,19232.71248,154125.3861,66889928.27,179646.7113,4773737772,183881.847,2332127.509,24303209.8,43808386.8,10928917.52,13760918.53
2015,132775.5053,25487625.04,21225597.25,3041703.005,65059.08911,249328515.2,6000475.81,32977067.71,2491234.713,81144.61197,107203.3281,19037750.19,8453253.379,9380046.538,5599740.359,11045978.34,9414320.753,16200206.48,115619019.6,8025441.494,796379.1343,335142.8614,3138882.362,9536442.816,259262.6827,63853.978,8238259.804,173283451.6,266174.7003,300693.7048,796637.8547,2292902.231,3138999.396,30339912.62,105251364.4,8225829.483,158254.4,15469897.7,1259150008,16241580.88,16246270.17,50161286.42,3264989.628,39743699.87,541571.4426,418392.8877,4062672.405,6883862.181,12153988.69,138973.7982,72255.56584,1199879.314,10201826.46,87948104.78,1092804.116,68692.62073,5606391.373,7267163.969,28532133.32,1763142593,2187242654,1961122009,397048603.1,857468860.8,13404921.74,56603486.68,329897385.3,42386701.53,1217613.342,88748913.15,497987336.8,378198796.4,5220509.777,820358.1734,61226249.5,45541.62829,171326.111,1493272.3,60396570.52,3980641.711,18786696.73,34535.1391,12620980.49,1638355.008,1506671.515,632502.6313,11403130.69,128481.954,57784.15826,11742030.58,131562.0853,825439.872,1066617773,7633150.881,6069920.47,485612417.2,4252686.184,9808621.446,9801894.412,3645451765,4298505174,1057831840,277417605.6,215082205.9,723488323.1,80843.87116,1058754118,4266935.691,95830790.95,29143701.59,313544.1073,5936133.755,57674027.8,2692747.773,7920251.674,135314967.8,11533359.75,30479840.38,5077697.417,17291818.62,94029.76067,48044.14247,47074292.47,481800974.5,5771643.897,3867246.112,4319231.746,5871309.445,174392.8051,456860345.8,640870252.4,466122544.7,33512.289,18103486.38,2359457204,4444100489,1870146.582,1964370983,3589171.775,500143.3102,2302846.647,566729.7857,48057.15686,28843192.87,45880.97949,3436563.756,15577525.36,280566.3139,265878472.9,101910110.8,92183.01518,3530440899,2053156.354,13619104.71,457564.0376,47336891.82,223528658.2,625216.9494,2565189.304,135341.1437,23042818.75,3163883.096,1300841.656,13735433.19,22834795,337495733.5,1963954.978,241358.6731,13163374.77,101421877,3933456.852,16577559.13,4586962.033,20053215.52,10595.37825,4829851.102,1186399015,3553657.431,18941787.51,137624069.2,2942013.63,19978904.83,60403404.38,23964.54868,5888210.608,38697650.99,538819321.8,3847617.644,24101942.41,11655096.54,4250762.682,1890225.213,1035569090,257895.9724,723852.7815,22196711.08,147365368.8,13508389.09,1147759820,30416335.59,25991610.05,8595481.951,4895515.015,504017.2037,6394883.394,5543695.36,27367.53828,9763659.496,565763388.4,9177868.426,568078102.9,28160845.28,186765.2313,543557.182,5299343.222,1967361.851,9345985.68,1334139.689,106444.0831,15257585.23,23565.70729,10549717.41,1820443948,447903843.8,5874781.694,63995967.72,6024461.858,4697715.905,389911645.1,1107057.651,224222509.8,104949.6873,1147759820,568078108.4,1416900.866,11105693.01,62812032.21,9340.430242,31337684.11,22268564.15,49142603.96,2166652000,3592448.659,306730436.7,19550480,104655.2317,19258060.2,19390.25635,155691.9404,67299396.43,181803.8034,4783519929,185311.7592,2395957.38,24815595.01,44221939.01,11107340.24,13954782.82
2016,135775.2844,25833368.46,21695637.01,3037748.04,65749.06592,252052690.7,6197040.786,33114921.94,2476253.562,83382.33813,108869.0361,19182756.08,8532810.979,9477682.201,5638509.582,11118496.41,9676762.397,16631081.91,116454549.3,8014890.002,807627.3549,338992.5211,3118502.118,9508589.46,263923.8738,64102.76322,8306519.685,174556654.9,265689.8678,304032.252,813440.3902,2346203.003,3171534.381,30563048.82,105118908.5,8356600.92,160289.7814,15576811.72,1264867658,16510627.68,16490070.09,51182766.54,3318119.804,40046513.92,552893.6117,422011.17,4108272.959,6921926.827,12234006.12,139020.5085,73538.48919,1218459.671,10192725.64,88753799.65,1123977.187,68638.11747,5626557.283,7297218.544,28832697.35,1773156236,2204505468,1969882865,398632018.7,859849880.6,13568816.42,56860299.29,330785780.5,42621317.1,1209889.025,91104782.51,498774497.8,385423110.7,5234370.006,824171.1962,61408180.89,45562.61502,176644.3629,1528753.708,60700906.17,3964128.791,19002501.67,34818.11705,12809534.07,1681600.068,1529631.05,640799.6458,11469427.88,130831.2968,58008.44802,11872293.92,132364.4892,828519.6655,1070631531,7725917.716,6155248.725,494517981.2,4239896.725,9936040.264,9781784.213,3662229954,4319411535,1072399858,279475966.5,216685348.1,734927792.7,81888.29933,1069829462,4281544.567,97916501.9,29754070.34,316189.8274,6005554.311,57757922.02,2706305.854,8172915.961,135456751.1,11402378.59,30928123.27,5127585.161,17699010.7,95114.86305,48153.35133,47269916.68,485536588.9,5873086.933,3952262.409,4424079.399,5957224.47,176042.8911,459428428.2,650543773.7,475614540.2,33668.21523,18156486.68,2383503971,4469828106,1884385.497,1972225079,3606176.726,506021.7467,2302636.07,576584.5775,49918.10609,29077251.14,46826.15492,3444627.614,15855948.12,284647.3817,268441474,102700192.7,94053.01798,3537711634,2050677.249,13940860.49,460423.1584,47724998.57,225256335.1,626132.6925,2594096.142,138799.3506,23587722.31,3225935.686,1309438.059,13955558.67,23163576.86,339659402.8,2002028.107,245851.2467,13507036.32,102412665,3952670.494,16667076.68,4605518.744,20262866.72,10667.37393,4912860.265,1192629574,3620564.134,19115829.27,139621697.7,2968335.508,20051305.98,60783811.73,24357.56357,5975386.29,38792635.28,547743098.2,3863158.405,24308509.17,11710111.79,4284278.786,1901500.563,1038993205,260404.7423,736013.9419,22205279.21,147589685.7,13901136.94,1155041879,31402912.08,26323678.18,8702691.626,4997738.953,514557.7404,6486153.651,5564677.869,27517.76595,9723128.026,571979710.4,9349999.42,574560783.7,28376055.13,190750.0451,557334.5307,5298341.946,1968577.365,9393117.908,1364939.537,108205.9884,15472237.91,24000.80394,10777101.48,1832574588,449759409.4,5978756.152,64530512.35,6095455.504,4740432.398,390838533.4,1129363.05,225947438.7,105122.9089,1155041879,574560789.9,1426465.089,11284937.95,63319103.8,9382.607595,31764769.11,22683940.45,49250593.35,2176313902,3617381.506,308938857.7,19648103.83,104635.4116,19364695.42,19535.75458,156081.798,67713550.86,183958.5866,4793350894,187044.263,2455264.523,25320439.29,44631008.06,11283972.22,14149259.98
