,0,1,2,3,4,5,6,7,8,9,10,11,12,13,14,15,16,17,18,19,20,21,22,23,24,25,26,27,28,29,30,31,32,33,34,35,36,37,38,39,40,41,42,43,44,45,46,47,48,49,50,51,52,53,54,55,56,57,58,59,60,61,62,63,64,65,66,67,68,69,70,71,72,73,74,75,76,77,78,79,80,81,82,83,84,85,86,87,88,89,90,91,92,93,94,95,96,97,98,99,100,101,102,103,104,105,106,107,108,109,110,111,112,113,114,115,116,117,118,119,120,121,122,123,124,125,126,127,128,129,130,131,132,133,134,135,136,137,138,139,140,141,142,143,144,145,146,147,148,149,150,151,152,153
0,0.007735500404528598,-0.0010250251286800644,0.002644537948028968,-0.0014534269221726335,-0.006460406075995725,0.0006105752463331521,-0.0033178991386909234,0.0008936729534768444,-0.0007789811121438712,0.00014347992166471906,-0.003894477688900419,-0.0027288297223764173,-0.0033249002680831243,-0.004840492365174982,-0.00204763723625743,0.0014074221934845276,0.0030358148662078845,0.00377004747489691,-0.003509639894923975,-0.0006536016245575107,-0.0010375283326912713,-0.0005173550777385548,-0.0037226944669200967,0.0015809572282882748,0.0024888888677596275,-0.0011000266644073933,-4.0599167293537186e-05,0.00036126547678534573,0.005507603560940417,0.0025205238013280306,0.0010380127646580873,-0.0005580275637123315,-0.0008911192058769392,0.001140218701038214,0.0021867854490738195,0.0013406504059040268,-0.0028223991572860754,0.0009956981066363202,0.0008894784829932429,-0.0010738776899332952,0.004188579544628902,-0.0013428633516065537,0.0030062063408057248,0.0010657496112949742,-0.0011296956071657354,0.00167601710042612,0.0005547851318153357,0.0008432686231212708,-0.00019859283315987436,-0.002043417322065339,0.001992350252420336,-0.0009730623585882229,0.0013366575343780659,0.00229698258376372,-0.0005639502617175543,0.0015644702506552618,0.0002419270658891389,-0.002269375720429898,0.0012591612020622128,0.0012749381685730878,0.00034351742946933645,-0.001202242581721073,-0.0004638012342953247,0.0011383538875665115,0.004076012536873196,-0.006011049989324365,-0.0014969601389049412,0.000350956169535185,-0.0017251195591782187,-0.0017915099045841105,-0.0012410569691689358,-0.0026145573136912748,-0.002236300508594925,-0.001333017988620081,-0.0019031101495165705,0.00021721854456159957,-0.0006631782700500706,-0.0019632631689834442,-0.0014765469841173384,-0.0007045147614162439,-0.00021559403988612302,-0.0010642445464813886,-0.0012298753177080919,0.0002493952733228163,0.0027315735924807816,0.0005354344792302755,0.0013809045009194635,-0.0023726618416947637,0.0006030850403015668,-0.002287170860072369,-0.00535098382722588,-0.0005215899551307781,-0.0028651198206715157,0.0016938664171981923,-0.002271302111461015,-0.0010493275440250894,0.0024820509434558824,0.0004166790065085281,0.0018200011683759327,-5.191440968227284e-05,-0.0008338110172585781,-0.0031973551809477505,2.8540889253481182e-05,-0.0032588361988381206,-0.002500826879535899,0.002437066667476849,0.002024292519597481,0.003198683810262808,0.00034718189359147963,0.0010098448807075566,-0.0014587033421527421,7.867678114844708e-05,0.0010954697801373995,-0.0005244340926398215,-0.0013250356931521629,0.0012557616713420082,-0.0018996680578866373,-0.0034650052464048125,-6.74114484484573e-05,0.0025344304334659028,-0.001953344146286121,0.0031095391117502034,-0.001756341806602155,0.0021370227619372183,0.003146971113727764,9.674169383181385e-05,0.0015770079309135297,0.001807266521871523,-0.007278870388274299,-0.00023673640704233422,-0.0006445900152701425,-0.00300717675788557,0.0022837700309486244,0.0010831840957524956,0.0013665849181527655,-0.0027952729781283016,-9.650039127918128e-05,-0.002898260706316836,0.0025657779163691,-0.003783070940255396,0.0012758790056456289,0.0023565818743800544,-0.0008169682511437429,-0.0030768135620994506,-0.0036473950400785493,-0.0008204904343595864,-0.004380155846099353,-0.002795844693274545,-0.0018867089745698115,0.0035431825560475988,0.000914831051320433,0.0013487023423827225,0.0005935051504325926,-0.00040990854930521384
1,-0.012463170804916475,-0.007094073774509609,-0.0006748578275676978,0.0013943542362620702,-0.0016226107971475275,-0.002752766414998763,-0.0023242815198685858,-0.004382129690528096,0.0015820106352515666,0.0014634576439107197,-0.004935397720119835,0.0010155494997869598,0.0025537950822220124,0.00200645998786832,-0.0023746905362718317,-0.0027126955450559585,-0.0038069583496077555,-0.006074852680955212,0.0005833292586973982,-0.002892393704644947,0.001437011593646352,0.002778045215726785,0.0016026348654842807,0.0032844254473464187,-0.0016568202462867753,0.004083876141575532,-0.006931417465268802,-0.0010473548810705161,-0.0012820486844322327,0.0004391453003161912,-0.00016680757190307233,0.0030462548046552487,-0.004189127763525621,0.0031559104262343833,-0.0020177666978969905,0.0047388442549000384,0.0008106442543524383,-0.0007001779669810127,0.0023755624458915415,0.00036931541989172404,0.0022734073634391497,0.0016190633298749074,-0.0001089349342774884,-0.000972272888643817,-0.0031784836081322136,-0.0014427842822195066,0.0012734443166095572,-0.001195365446826392,0.0016376323481056053,-0.003185275366195744,0.0025790083601770365,0.0033482632781834183,0.0001320868384059387,0.004158640458321232,0.001358701809429823,-0.00264018014358656,-0.0029992082083279753,-0.0017722493858459718,-0.0020169952714810062,0.008548381951667542,-0.0033391942749994193,0.001284975155008203,0.0005690669246538972,-0.003508321277399061,0.004187194712008848,-0.005746181230955124,-0.003448367957946965,-0.0011505399083044836,-0.004624654297905088,-0.0029513751202123488,-0.0058119450250502715,-0.004837773739812537,-0.00842555164374846,-0.0006145170303428042,-0.0034401400456542893,-0.0017556447558354606,-0.00034209973850136033,-0.0025821867666295972,-0.007290986126480893,0.000628986465439529,0.0004981911959891089,-0.0013077798537168201,0.0017007551706667797,0.003670255428665105,0.0025026373118543343,0.0031723569328735127,0.00024134044931654235,-0.006128725461013273,0.004565593553569562,-0.0024293324216108645,-0.007644484973689007,-0.0024445270955944566,-0.00254917285174833,0.0038442136620728,-0.004922698567220514,0.00035647956485689383,-0.001181086987919061,-0.005728598582393794,0.0019883242564903703,0.004433609674712869,0.0013171108367051464,-0.004683749251192109,0.0020173321686899836,-0.0008976542185140722,-0.0003804668005861655,-0.0025059938398773163,9.727029159122989e-06,0.004037085696892,-0.004464171258483058,-0.004183528641718022,-0.0058297919335195516,0.00022015077985899757,0.004797775513104345,-0.004833197868775952,-0.002674915721009358,0.004157945921333136,0.005389797676020544,0.0009471372604605593,-6.65834650266742e-05,-0.002760930447872942,0.0039765090440700285,0.0011803747199972039,-0.0014953959459793292,0.004159052606593712,0.0030941843568857933,0.003030082892995662,0.0013647137406881031,-0.0008031148540275185,-0.006819197092272373,0.00232614696548129,0.0007724746888581924,-0.0012444645801923627,0.0008309171152409017,0.002267882904894635,0.0012601871122783542,-0.004746740399824956,-7.460318270017616e-05,-0.002974527601934863,0.004564376959091407,-0.0018757692919174165,-0.0026976564009990665,0.001931852935981681,-0.0005654928992304823,-0.005389388402267905,-0.005574952634893044,0.002167438866561395,-0.0035287873790011202,-0.0010770742925085496,-0.002049486340629365,0.0022565345799319065,0.0019106690637676967,-0.00307285421158447,-0.000821557492751261,0.0018777828266307137
2,-0.001126975976955128,-0.004157935682356879,0.0021230083737998023,0.006255499568877225,0.0027035455340637038,0.003099323491915798,0.0014517277796200667,0.0011806070450579562,-0.005112861174793106,0.004230366038532722,0.0011266137861441995,-0.001895891457904844,-0.003726756401745711,-0.0025864123240578025,0.002330724309995327,0.00029368556192065033,1.732448705723917e-05,0.0022141457904928472,0.0007005212513657303,-0.0028223398757418043,0.0009097121962960182,0.0030996810698213258,0.002751214453654775,-0.0008148826967342191,0.001003713130313491,0.0004825359690117367,0.0015332796905848966,0.0001500568145527553,-0.0006976935157246595,-0.0023450927664263946,-0.0011028208760531903,-0.0033321435907544615,-0.00017173564094048757,-0.0008345687442094672,0.0008447770772181827,-0.0022911324456107215,-0.0018937573819597067,0.0013162464498098273,0.0009315666476349645,-0.001268195848787094,0.0006910299179861148,-0.002703769581763344,0.0004410794661551061,0.0023099792021329,-0.0007612402910728957,-0.0016479526495292026,0.00012795358243733476,0.0011202656218135534,-0.003519071030656566,-0.004128133588255941,0.002935212011213586,-0.0027360782251928117,-0.0006756138706963047,0.0037227002677509657,-5.5175886444897825e-05,-0.001175623942446042,0.0032950450376427855,-0.0003543335502605508,0.0011864003853120234,-0.0005552720095297534,4.06471061144437e-05,-0.002598238759273123,-2.569502790665663e-05,-0.00032291923541946606,0.00043242074592194887,-0.002557203626282339,-0.000491211872302974,0.002130811086312957,-0.0015008012444372744,-0.0007415477119655033,-0.0002634973296935121,-0.0028259299933419755,0.0007635125570976806,-0.0012537729185655535,0.0003287468006962551,-0.00020863615913189332,0.0011029496702950248,0.00014873063939602408,-0.0036888243387347484,0.0005889872817232555,-0.0012619393287279768,-0.001914122625072857,0.0020753493714986966,0.00047912809548174344,0.004992677533450666,-4.1715156532792245e-05,-4.10433209263472e-06,-0.00032893480569982334,0.003973810363239516,-0.0002934618432919348,-0.00041418103670135757,0.00029687671925822693,7.355851517017852e-05,-0.003405703177855516,-0.00476165002452149,0.0002464907974409241,0.0011465490681524095,0.00012711079992522843,-0.0002220167675897791,0.001253819226244475,-0.0010468118253149153,-0.0022571698217473436,-9.13990237334302e-05,0.00012800677631812616,-0.0017376913907888026,0.0022442242579215105,0.0039203875502102446,0.002800381525041839,-0.0007208274881328454,-0.00024355553472803156,-0.003173062995491841,-0.0017185518715530155,0.0007030329624323995,-0.0024478037487268606,0.0009287495322757284,0.0022216917960839193,0.002650540373269934,-0.0005057752375050035,-0.0004759094154589154,0.002328318596561599,-0.0034341697305722697,0.0025862118898891694,-0.0032567527416829715,-0.00031410132029834623,0.0003799056233980872,-0.001229669943809753,-0.000329912254633085,-0.003233232393580262,-0.0034732045143244256,-0.0018784640582437807,-0.0018980275873287464,-0.0013240229745278347,0.001018185499584839,0.002334813618931214,0.0016625353250941588,-0.005436816033845707,-0.000909167294061205,0.0013540989794079193,0.00034178364633140275,-0.0023553075670618034,8.9608583743e-05,-0.0023020799394689907,-0.0011933343619584947,-0.0009341524111042494,0.0007504008458825027,0.0008735059755640445,-0.0017306547797638302,0.0008670131465633871,0.0013929679077378388,-0.0006111749339182381,0.0034813075439496864,-0.0028358841833663563,-0.0007019409295349746,0.0011432610260427058
3,-0.0024321000551488854,-0.004872922547621133,-0.004969932189066304,-0.003903766100346384,0.000795273872411823,-0.00033358026630005675,-0.00053349631868274,0.006463880477013243,-0.0013774899462028973,-0.001348323209183578,0.0011280356227809868,0.0007760983014454937,-0.0015135866625676404,0.000511653805768602,0.0016514975355146559,-0.0037996499230024236,-0.0005656697698662375,0.0004966397196523895,0.00022886963017782508,-0.0042244859980837485,-0.0004572580195950431,-0.0010135632614334269,0.002196075210830485,-0.000519081998755648,-0.00031776853812849945,0.0007233941904174701,-0.00013339496568788673,-0.0016529445217712024,-0.0003097378886717299,-0.0010772604439683016,0.0009288400092741068,-0.004789397143159192,0.0002619527676253711,0.004230368063826585,0.0008062321286505632,0.0023322012382014728,0.0020871045597232792,-0.003229841358206512,0.0005686333742007156,0.0007750386640645849,-0.0017274730204547614,-0.0009696123749718335,-0.0017263264868799492,0.001602963438484419,0.00033297826398220604,-0.0009116362121000535,-0.0006790717071489293,-0.002867654337958151,0.0012735325128778107,-0.0017949076294359282,-0.0029868860176976188,0.0011398994434635224,-0.003750667309727882,-0.0021933098652394244,-0.004071877688482319,-0.0014388354580418558,0.0007872311502657583,-0.0016604925284524426,-0.001518728423971115,0.0011233312401010766,0.0014384552188388127,0.0008046661170369231,-0.00181966233509966,0.0006582598773115244,0.0014625114201613017,0.001420992584209113,-0.0015753225416193827,-0.0012198695241082992,-0.0014866257026050626,0.001044153510638979,0.0013552224298864187,-0.0006264796513580642,0.001107324454044575,0.00015487105697622276,0.0034472370416171946,-0.0012571902573680035,0.0009342290591035344,-0.0011028416660307256,0.00031846964362733225,0.003111580095393307,-0.00013537215331061795,-0.000699704725282316,0.0023151773888873592,0.0020040112228860425,-0.001211309558874245,0.0008769511413332974,0.0002920420100898535,-0.0002279287635999413,0.0025141193210428433,-0.0023485976491059712,-0.00028808886573217213,0.0024330551028351344,-0.0004992202222122779,-0.001113907626237005,-0.00039806464245441194,0.0034636246022830574,0.000646329725222955,0.0006787771907891184,6.646023209610461e-05,0.0017497710260063063,-0.0005863223339278208,-3.4236843781262596e-05,0.0006362529515712027,-0.0005409326649610855,-0.0012420412968396398,0.0012787851683579937,-0.0016414071008324746,7.234111175830482e-05,-0.000818302431567762,-0.0017677022697357458,0.0006292010351110721,-0.0008077828860062858,-0.00035271504398923226,-0.0020860131882515422,-0.001005318434600983,0.0012154530623296877,-0.001892293077300976,0.00295431688129321,0.0029460264045142823,-0.001550881854937042,-5.274256520052004e-05,0.0019860333565917257,-0.00027047026929482237,0.00023567407157466813,0.0007854915471391525,0.0027628348124996193,-0.0011781016162770092,-0.0019349679484012,-0.0010646959052044555,-0.00115770405655811,-0.0022407175183241047,-0.0012006242605255536,0.00029807428183666117,-0.0003089226843170267,-0.0002394664533874959,0.0016190850208830444,0.002648766014787462,-0.0023942479223303904,-0.0005809980624511523,0.00030502348817972117,0.0007213427152897214,0.0025676011512151373,0.00022025533900589864,-0.00043875335920485873,0.0013306922436200999,-0.0016949916239077476,-0.0025642720887364295,-0.0024154367805912405,-0.0015090023206375074,0.0012640028468218507,0.0003160554194773889,-0.0008506036793705105,-0.0039007564665628647,-0.0002525191808648011
4,-0.003407808626796125,0.00769429685710262,0.00010849209013476156,0.0016531282204982633,0.002052702520226146,-0.0024300275090761735,-0.009186798021917785,-0.0015774087731491692,0.0007227835333771766,-0.004813190981117618,0.0002898764827171372,0.002563208478115153,-0.0025442844893952183,0.0012672852044795719,-0.0012858819666427884,0.002498455104401368,-0.004070019372184096,-0.0013265808959506814,-0.0005601755282546352,0.0032573856479327667,-0.003241041983754783,-0.002702047619123272,-0.0030757078968055053,0.000209994877216648,0.0035384118264611274,0.005413230030817368,0.00020716490439536716,0.0019012342657146663,0.0025218303270568617,0.00032475336421034336,-0.000575373460548095,0.003143939936535567,-0.003102635774529912,0.0009076410619230132,-0.0031313673760002157,-0.0017159767631291683,-0.0009597137929360817,-0.00036112004561950203,0.0009392203844611825,-0.0022883118152885944,-0.0014086204531983172,-0.002508314379990058,0.001073574235056218,8.930309824073438e-05,-0.0039029258029804627,0.0009413010375751729,-3.787610932269028e-06,-0.0002057770637959354,-0.00034508054457645565,-0.0024392815689345017,0.003582725110492657,0.002338053626067387,0.0025108943847540074,0.003839968260931688,-0.0017525436266750283,-0.005290770337719514,0.0010745798524640342,0.0010704039651470902,-0.0002542489813430789,0.004849169563206454,-0.004188797309857985,-0.00022722611241356145,0.00036170949732393056,0.0012997453573487872,-0.0015165037551093201,-0.007173251854965282,-0.002606497241176346,-0.0004744705934351111,0.003516658624319312,0.0004086496856044101,-0.003517107922476146,-0.0030196051381727713,-0.0007519519381134937,-0.00145028538052654,-0.0022506453712744846,0.002036056265060383,-0.002037491815746095,0.0008058276483917551,-0.001853766634022594,-0.0001484760546339464,0.00257943319205015,0.004492486368064394,-0.0005831292012832664,-0.0035417376771904553,-0.0012012915975444923,0.003946582796684248,0.0010417921119661112,-0.0009814332830080758,0.0010259974818922011,0.0006534965685590834,-0.004503888426501607,-0.0014445819289735228,-0.0014619455437415042,0.00185791712043831,-0.00031166968440668355,0.0007023698012181072,-0.0006697048883981232,-0.004518647321254794,0.00039492744495664525,0.0010722596017471863,1.0048854531413703e-05,-0.002015987083651542,-0.002892856032353025,0.004400353091664212,0.0016988564902354882,-0.0033959390009334818,0.0016588325234557994,-0.00010081124444556957,0.0002196506345630792,-0.0027698223760486214,-0.003944552239128845,0.0034222384786493625,0.004154556848434377,-0.001924300537872168,-0.001345245565380597,0.003496893563497868,0.000391713643097262,0.0038523547676210957,-0.0009677684924584452,0.0016338422195944086,0.0028967319116866906,0.0030304016339557016,0.0010136154047945404,0.0011462812940274082,0.0019932908821021955,0.0006785407838932725,-0.004708190161592473,-0.0009636520192395992,-0.005060539408161727,2.5061268238999137e-05,-0.0073459811670039165,-3.2028276300807746e-05,0.0009779537363798355,0.0020136513126085124,0.002938944371187692,-0.003988219880224738,-0.0005044327109784061,-0.00187278330750135,0.005173208430458968,-0.000525570293689705,-0.0002126599595908495,0.0038939287041489853,-0.0006088886004448831,-0.004580350770472573,-0.004293449774773967,0.0006498868332801086,-0.0030849616204971053,-0.0022269272932031125,-0.0018773130272647998,5.46369014509341e-05,0.0009172275080306583,0.0016608658417307568,0.0006367151460947228,0.0012444123586468044
5,-0.0011565020282040801,-0.001709344607403609,-0.0016645802379155288,-0.0041528120977605415,-0.002455412767952481,-0.004257420520574573,-0.004323808861254644,-0.001385845354198863,-0.0012185867350243576,-0.001951305776956947,-0.000366937906153824,-0.001273048563372745,0.0007529841688186374,0.0012503521595301113,0.004102251470559902,0.0051346676698969295,0.002632435790498508,0.0005455414398966546,-0.001012228807039387,0.0030073343893623566,-0.0016771004389787246,0.004509561643008381,0.0032656144465320544,0.0009296307696214384,-0.0004402583868324906,-0.0004798839372458665,-0.0012285412414786841,0.001745408809018711,-0.0003446661128929501,0.0031286630699369302,-0.002363410598873135,0.00108160142370283,-0.0004436798251317641,-0.0028461317031745178,0.0014251474524077238,-0.001947740495134264,0.0021709506361971727,-0.0028924184779188134,0.0014194329485454652,-0.004249327565150585,-0.0025877142704417047,0.0007928034703188822,-0.005486063555791685,0.001732418127178028,0.0022989227986899958,0.0002312936739071661,0.0032912731056223533,0.00039017743238156145,0.0016768041466166043,-0.0003603922134652914,0.0036727924257324122,0.003969563853943192,0.002841040262766983,0.0015811630178155427,-0.0002737597873375177,-0.0004482958480528768,-0.0011732037527209362,-0.00014256863250843515,0.0027335324101912107,0.0014128583050787543,0.004800336243318973,-9.598864158014307e-06,-0.0014294082100196979,-0.0003537558777354292,-0.003167593934692708,-0.0014221694148922447,0.0005538255371242878,-0.00253769441441514,-0.0026002852910468168,0.0030554474638145273,-0.002001268013385927,-0.0011769946032482135,0.0003154253440343894,-0.0010330288558358313,-0.0024434921091200435,0.003125024568554836,0.00054410599632472,-0.0035698832342772177,-0.0008389741795425847,0.00022335125599622828,0.0028403220656385312,0.0035041406379737856,0.004299033903439628,-0.0011606675894193608,-0.0021785876126149996,-0.0010089546336412491,-0.0006025579799212707,-0.000649375760517366,0.0042278264066016365,-0.0015078282948743852,-0.0007064543707366977,-0.0007272203144570902,0.0010793116374439556,-0.001249149394420115,0.001325716595372171,-0.0006172882262064786,0.0028529754892921066,0.0013302617839548734,-0.0026635062653920095,-0.0018418102165361483,0.004034766136321576,-0.0016585534464775614,-0.0012727954197686339,0.002340340435509319,-0.000617552752111998,0.0008621140935708599,0.0002406582377244446,-0.0025893928089175625,0.0028192600975802825,0.0002988626201344723,-0.0011926024211152924,0.0010369914453709215,0.0063389076660661115,0.0013319228003874984,0.0026860598393410903,-0.0026882978946702585,0.0016734504924669144,0.002549199842008489,-0.0020902623761237214,-0.0009928735392342213,0.002344840313587666,0.0007125702872986274,-0.0009599680416379805,0.00032542425209471006,5.82062381943363e-05,-0.00039464679926416236,-0.00334615347407909,0.001273475787738455,-0.0007603029576956635,-0.004572381954566842,-0.005178536557998283,0.003397094658107423,0.0032435551107514627,0.0014941317356907016,0.00027301373533606364,0.0013648923348430016,-0.0013805012671968151,0.00011793041915264295,-0.0018251031235183544,0.0010152186239867627,0.0008257187669449676,-0.0001880730801248298,-0.0007463215560599802,0.004866984014144006,-0.00042391799734356163,0.003119315936326094,-0.002478203177515327,0.0021679415374762537,0.00042924173342493956,-0.0009112103719207538,-0.0004960042737105997,-0.0006937222269141177,0.003588755844943118,-0.005565355278137371
6,-0.000993630145882248,-0.0009719027725315939,0.003881798991148511,0.010117121014968478,0.0011861173057511965,-0.008433753728824978,0.0008859230049926509,-0.00359899180742103,-0.0004678694446439085,-0.0023948975956907463,-0.0031913455948477097,0.0017576275144061946,3.9135656345661954e-05,0.0012353698071414549,-0.003008261895265231,0.0015951205943106827,0.006674671309567533,-0.0019161655395300652,-0.0004337994023316695,0.003061760410412095,-0.0008683375476242408,-0.001543391037989235,-0.003737008245713185,0.0017734119847503016,-0.0001668625847014949,0.003072348106708995,-0.0009566529841803607,-0.0005079024037629766,0.0018037522645980234,0.0005068793474399655,-0.0032356828237461487,0.00016618566042052974,-0.00459373457211925,0.0004153864597332177,-0.0019194731225696344,0.0012104406503207273,-0.0011268560263957093,0.0018457976246336741,7.066413918223483e-05,0.003989049485042577,0.0008681845351869348,-0.0010831297826887885,6.762629835779059e-05,-0.0017410584672517674,-0.0014808214621671808,-0.0006701199919954643,0.000633634687831314,-0.002621176573739028,-0.0023139146114903963,0.0012923223769225982,0.0022644216381858787,0.0011229279011309126,0.003643616043751785,0.0005805934253540077,-0.005490913144697982,0.0004431786299640266,0.00018460450869954814,-0.0007828637768794698,-0.0009979449535045303,-5.312611702781146e-05,-0.003003627710387643,0.0009336891161011977,-0.0010837625873589994,-0.0020020416133958324,0.0036552403900135667,-0.00024949883426980083,-0.0037544418341759114,-0.001714649989941605,0.001961987391140329,-0.0031953758614534397,-0.0034227769131700684,-0.003214324242846068,-0.003202483589606561,-0.0010046390003147004,-0.0014143086621759959,-0.002722500175509835,-0.0006505666436649554,-0.0024025148867024178,-0.0019453441938348862,-0.0005123062722097433,-0.00013911137850423032,0.0012228569419147734,-0.004394822093196671,-0.0016339854525768047,0.0007112531285044304,0.00037446437781629135,0.0009687377303178075,0.00010360483801742331,0.0031592760096186986,-0.00011311090675854606,-0.0022909943259071144,0.003439696325454135,0.0008642871563229641,0.002538690926337818,-0.00045874189754174826,6.326862464316196e-05,0.000923875812286435,-0.0037485201668732955,0.0017934162693870029,0.0014430147047757571,0.00367040367888399,-0.00018955370462158392,-0.001394846232326894,0.0015357762485648312,0.0019247279577056533,0.0012428430798716412,-0.0024281682566252775,0.001929074173441021,0.0026673798823340683,-0.002723941527501681,-0.0008427437488487549,0.0017075481444421396,0.0005367660167035121,-0.00429988870805747,-0.0013649690214926067,0.0037332807055335316,-0.004789391006080131,0.001239766292685102,0.0007016918186199275,0.0015504175430771689,-0.00037772548502059615,-0.0001825522289373265,0.002672144836004352,-0.0010883980976152323,0.0011636703943561043,0.0024492299732834766,0.0020547630916437133,-0.001090357848371501,0.0020327610421737815,-0.0006755151488523658,0.005096532110583481,-0.0004559077974152123,-0.0008799995129542858,0.0008578529958327314,-0.0009258480152579421,0.0053606419841825395,0.0008121863089914375,0.0007073917730377301,0.0027639713635314086,-0.00020911377723287488,0.0006261490227589281,0.0017157078141666188,0.0021661442713560284,-0.0035139811813784004,-0.0016932857228082567,0.0020646492001352933,-0.0004425888838195163,-0.0003994518563541242,-0.0033077602431212474,-0.0005481968427363441,0.0012095968191136474,0.0011022041775411173,-0.003529778157995809,0.000732034004373592
7,-0.006507001543444999,0.009911341748094105,-0.0028220777263154454,-0.003955731956794339,-0.006366096282056034,0.0026050744382462854,0.004358208762917796,0.0026746278057624678,0.0013056342001727436,-0.0020469533948053757,-0.002556687203007261,-0.006895092043976121,0.0015673443419636243,0.0019481639507626428,-0.00268849350258491,-0.0026900175444877477,-0.00376004671794155,0.00539221349716182,-0.00020514813611410563,-0.001038598273471745,-0.0013571120774001275,-0.0036993886392668158,-0.0011765965158653507,-0.0018585631509368584,0.0027259652806556037,0.005771877628916656,-0.001873119505560525,0.002262765807731204,0.003543244642394215,0.0028912063867730783,0.0025585979367175036,0.0018144195172715863,0.003304508224309517,0.004957713386677454,0.0011241894572989895,0.001530474940078323,0.0040155867063404686,-0.0008073149539422247,-0.00194878497155189,0.0008796942529364312,0.0004646458160608423,0.0011372993602531988,0.0012104827057889587,0.004398662359080731,-0.004957018966744632,0.001424055251543811,0.0005038114152228919,-0.003722901932848601,0.003182449102014007,-0.003039938786902455,0.0005817498124336688,0.0023477054896393974,0.002448210410825335,0.004118695637808502,-8.972166976628835e-05,-0.003405508045221742,0.003941552735906596,0.0012307459482491752,0.0013389970137959956,0.0011083363718378252,-0.002934398775164917,0.0012739753361341634,0.0009708892778592302,-0.002280014856637683,-0.00010914691487707351,-0.0024918774398592918,0.0010176089014376118,-0.003920935033639586,0.0037251510377109645,-0.0005948884912188134,0.0023518906103511396,-0.002075845891172269,0.0001052959521210447,-0.0024081066295644385,0.002486214846633544,-6.068415752266353e-05,-0.003600097891139753,-0.0010369025425910614,-0.0017251684808154688,-0.0012178875519091258,-0.0009569371478675136,0.0019307267893404262,0.0018758929663037038,-0.004935880499280875,-0.0038079336030541378,0.0029312542149935246,0.0005258747302322867,0.00013700646403728045,0.0014768158715136028,-0.002855205977207521,-0.0006631979945462618,-0.0018688398539303181,-0.002283418493540149,0.003493838694806366,0.0007016839567373675,0.003029659692899871,0.0008433827503465309,-0.0025322822950170913,0.0010987092932886952,-0.0008561980709650324,-0.005849336540315366,0.0009220992973743863,-0.0005578848273560256,5.319810381271192e-05,-0.00030020650720048324,-0.003574484649212771,0.002200835291890743,-0.0026943641608372015,-0.0005430572334903694,-0.003864566132091973,-0.0012284136996064316,-0.0019664711141648495,-0.0007454382387774832,-0.003067322584806387,-0.003703793907478113,-0.004895919096271842,-0.002020954381451748,-0.0014135145189551914,0.00039793889835225145,-0.0018547848522900234,-0.0033023971274110555,0.005406228617874721,0.0018316151825634726,-0.0028720143220673706,-0.00249089613028348,0.0022047892942223058,0.0015868249048609198,0.0010071835871970608,0.0012145370061015116,-0.0005856118782682343,-0.0014142702124663187,-0.0010816519146268863,-9.401993041742123e-05,0.0008201294603970564,0.0018558685110219393,0.0015457056816912647,0.0018226961950889402,0.0018583520399699065,0.0015144831977495707,0.003062245002695836,0.001751414711073962,0.0013306963874856188,0.0010177999097228138,-0.001972635992355295,-0.0005430318477011422,-0.002147184392901243,0.00040098097410124276,-0.003492048740916316,-0.0033044448640495694,0.004890087464940645,-0.002705027105019247,-0.0016083936635977033,0.002451372372136635,-0.0008184389351363491
8,-0.0013604819706975932,-0.0012530877996744503,-0.0007547348817135533,-0.0024216093349786203,0.0035693538104825053,0.0012256449720147175,-0.001536129062883868,-0.004596028281639329,1.6405155629059027e-05,0.0007029596835438596,0.0015771352905656942,-0.000947750789152487,0.004973939398543927,-0.0024606510902130023,-0.002080441886501016,0.00124065485235523,0.0004947971586680977,-0.00011663573162884889,-0.0028905296548773197,0.0011565671661410855,-0.0005850092674379124,0.00091167227003526,-0.0030586377437588175,-0.000546642634999022,-0.00022081043707690082,-0.000469779320138663,0.002415542562632007,-0.001118867819028626,-0.002447744588790862,0.0017978596200706855,-0.001395215253744781,0.002775985481045523,0.0017569129312482263,0.0009864030016069447,-0.0019003623529974807,-0.0017420247546520967,-0.0011308084475613411,0.001298692978680781,-0.00020021241845891966,-0.001137517540924983,0.00034708654709973447,0.0017032678196937801,0.0014297906517532375,0.00019737388048752977,0.002162997820566191,0.0007346674555462763,-0.0007565499413598564,-0.00011553384815087251,-0.0019724662416242575,-0.0030917477456925044,0.0020052828946557333,0.0015344256424027639,0.0009235025435435841,0.0003301062623426747,0.0020695579947107106,0.0017163145371656618,-0.001559829840193335,-1.5027481397221057e-05,-0.0003725125976049177,-0.002130612181754478,0.0005812991566097364,0.00020401161891492217,-2.8132110978626287e-05,0.0017175439474066709,0.0009131173275413282,-0.0022902139226330122,0.0013452944575247864,-0.0005555480451671619,0.001009638767599282,-0.0007673483082728839,-0.0020653033019035465,-0.0007262442562481496,-0.0004469457754140981,0.0013245410973481736,-0.0003230528058511225,0.0018844498428298058,0.0007020755677316118,-0.0004317056279051868,0.00023709815721672023,-0.0002851880858533204,-0.0006937735628931385,0.0002717905984339049,-0.0007772061968795488,-0.0030741583572284448,0.0018880796603988042,-0.0011880695563542371,0.0014652889862540092,0.000490022498407031,-0.001574689748364768,0.001815043109070611,-0.0018757715470603818,-0.0014528200515300557,-0.0003470677630888963,0.000519708105445007,-0.0016536162031198021,-0.0004463035039167157,0.0005170266503358828,-0.0005677589300444877,0.00021223674971510202,-0.0017271417865628545,0.0008117196847668464,0.0026456253556096255,0.0005683483389732343,0.0004960664452783859,0.00160870003791309,-0.0013665939728131804,0.0007091518879314286,-0.0012894318047959514,-5.0587289763165016e-05,-0.0009546649734807641,-0.0012856815586892857,0.0006561628958984653,0.0011330809744707472,-0.0011450281063916646,-0.000841298750371687,-0.000504592984607195,-0.0011195972023576174,-0.0014073979951838673,0.0004111151939921455,0.0016088718569450306,0.0007817288287667396,-0.0007110802587786509,-0.00030169966992043044,-0.0006113406767123859,-0.0018004114809374331,-0.0008687948385693782,-0.0006605212259620414,-0.0008479141624275093,-0.003458634420801821,-0.0014801471153914286,0.00035677116299607056,-0.0002280395461188996,-0.0003208007122734204,-0.002349207927760573,8.399848263207296e-05,-0.0012821908431376848,-0.0011874097548058582,-0.0011112232830433398,0.0008614602197263955,-0.0028570783725034793,0.0005599421549076229,0.0008692955548777164,-0.0009633575018460614,-0.0012779290169247308,-0.0025556147206614753,0.001685262860644408,-0.0005607413248272454,0.0015729305347713853,-0.00242187613345325,0.0007073326934610396,0.0004527783118971052,0.0010722217537384548,4.037241318626856e-05,-0.002617326295050389
9,-0.004622922629377207,0.007510670995629149,-0.0015341151533499234,-0.0038006876889788905,0.0007804124260979805,-0.0013969423891286724,-0.002075304795393266,-0.0034257876614107257,0.00273918084054411,0.00038271793688022653,0.0001651034528422033,-0.004129468866930823,-0.0023686262321924037,0.0020215921370221653,-0.0031205992432891865,-0.0060063569388879605,-0.0009926165985955806,0.002361528267408758,-0.006189713909401127,-0.0029621961799251944,0.0003946806021837151,-0.0026887343480846357,-0.002594780694651732,0.0020871059193196197,-0.0019322127073266489,-0.0007560215294963786,-0.001391302342523494,-0.0011658587254947202,4.594242835336627e-05,0.0027985804556650965,-0.00023447540021862261,0.004262748825100235,-0.0015807510781159057,0.005703626978679395,-0.0029319654629681737,0.0018413213363593854,0.0012866843217451043,-0.00021772557232162867,0.003065781688681733,0.004124476675580726,0.001678865943234869,-0.00075076485980553,0.0005264021768768607,-0.0003539095982157831,-0.0010020705415028739,0.004280439777919464,-0.0009265799867861006,-0.004800753502296969,-0.0022867391263646474,-0.002511954763202628,0.005457848820435822,0.004127669171696622,0.003920660039700256,0.0037031175072874396,0.006454184398159852,6.384827136241937e-05,0.0007403986207395832,-0.0010646929025200649,0.0049356982015132346,-0.00017083029165438005,-0.0002489708875616384,-0.0016117584454998402,0.00018079735157980087,-0.0017911550062556113,7.363646307999389e-05,-0.004021045254703998,0.0005178636349004218,-0.0018477217239833206,0.0030626246919105158,-0.0005976217564475116,-0.0011350044392849131,-0.004040411210018916,-0.0007918940168167034,0.0016810932878237228,-0.003022585100779023,-0.00042577014593452397,-0.008533355947632514,-0.0029588001475140944,-0.001709725596416045,-0.0008661468111487565,0.0012311640997615667,0.0016817520063362572,-0.0011855379762235252,-0.003022777106745198,-0.0015268301093041134,-0.0005455617699793821,0.003690601084699727,-0.0008925785867289924,0.0009267886912934335,-0.0016057080957599477,-0.0009662021744545774,0.0008660709406757278,-0.002319253031898966,0.0012032733950090224,-0.0009686664581642041,0.002915227146380408,0.00038425022084288574,-0.0003469957429082241,0.0013501096534859073,-0.0007936500830604726,-0.0037324803871021835,0.0011322591834302801,0.0009957226460860918,0.0036695912577270747,0.0007871035823276219,-0.0058026224060696435,0.002550946495493862,0.0001793767148661523,0.002917710015847748,-0.005687121975469789,-0.0016506334879405648,-0.0010897644238086902,0.005504417050674575,-0.0020861217819478665,-0.0015892321619246604,0.0024562479359098925,0.0010627540610507497,0.00010271792303045486,-0.002231059674619233,-0.00017249092108544514,0.0021711622427654067,0.00011542233934211908,0.004253807095451167,-0.002116690262385319,-0.0034753451456195445,0.0030279386529800867,-0.0007503301764137668,-0.0024194403900364187,0.0008616373526869849,-0.003115217125938824,0.0027783906075413744,-0.0024675353607508718,-8.494192230683717e-05,-0.0009028719397067493,0.00477768472270208,0.00039953340132388725,0.0012900299411608125,0.0025073564876659476,0.001421812821501062,-0.000836507376793675,-0.0006132946351428547,0.0003274072827515143,-0.003933376895403148,-0.0029895707739108534,-0.0015721404632033588,0.005266865715720371,0.0021482611509717627,-0.003155188517755226,-0.002677875938124209,0.0007262579060612532,0.0015680524452755756,-0.0013837538462977608,0.00034599774019283553,4.3290635941128697e-05
